coupon_id,coupon_code,discount_type,discount_value,minimum_order_value,maximum_discount,valid_from,valid_to,status
1,SAVE198,Percentage,30,198,886,27-11-2025,24-03-2026,Expired
2,SAVE234,Fixed Amount,265,279,638,23-09-2024,30-11-2024,Active
3,SAVE392,Fixed Amount,475,260,801,08-01-2026,25-01-2026,Inactive
4,SAVE440,Fixed Amount,71,56,540,31-01-2026,07-04-2026,Active
5,SAVE517,Percentage,7,105,289,13-03-2026,03-05-2026,Active
6,SAVE677,Fixed Amount,327,196,214,02-01-2024,26-03-2024,Active
7,SAVE782,Percentage,43,161,599,26-05-2025,02-09-2025,Inactive
8,SAVE836,Percentage,6,77,380,15-11-2024,12-02-2025,Active
9,SAVE982,Percentage,37,219,845,24-01-2026,14-05-2026,Active
10,SAVE1031,Percentage,33,202,80,20-01-2025,15-04-2025,Inactive
11,SAVE1162,Fixed Amount,57,63,338,21-08-2023,19-11-2023,Expired
12,SAVE1253,Percentage,20,27,722,30-03-2026,16-04-2026,Active
13,SAVE1337,Percentage,43,213,522,23-01-2024,04-05-2024,Active
14,SAVE1459,Percentage,38,,803,21-11-2025,17-02-2026,Active
15,SAVE1595,Percentage,42,,394,06-03-2026,03-07-2026,Expired
16,SAVE1679,Fixed Amount,379,146,618,05-08-2025,20-09-2025,Expired
17,SAVE1794,Percentage,40,259,892,24-09-2024,26-11-2024,Inactive
18,SAVE1855,Percentage,5,172,876,05-09-2025,22-12-2025,Active
19,SAVE1913,Percentage,47,86,803,02-01-2023,23-03-2023,Active
20,SAVE2066,Fixed Amount,125,152,249,12-10-2024,22-12-2024,Inactive
21,SAVE2129,Fixed Amount,251,42,674,13-10-2023,16-01-2024,Active
22,SAVE2289,Fixed Amount,265,160,,15-04-2023,04-08-2023,Expired
23,SAVE2394,Fixed Amount,378,156,639,27-05-2023,04-07-2023,Active
24,SAVE2494,Percentage,40,233,832,03-05-2025,29-05-2025,Active
25,SAVE2568,Percentage,40,248,350,16-11-2025,28-01-2026,Active
26,SAVE2657,Percentage,49,131,224,09-08-2025,14-11-2025,Expired
27,SAVE2775,Percentage,12,207,777,17-09-2025,17-11-2025,Active
28,SAVE2892,Percentage,18,174,717,20-09-2023,27-10-2023,Active
29,SAVE2991,Fixed Amount,271,,238,17-05-2026,17-08-2026,Active
30,SAVE3070,Fixed Amount,311,77,594,11-12-2025,13-03-2026,Active
31,SAVE3110,Percentage,42,272,60,30-08-2025,24-10-2025,Active
32,SAVE3272,Fixed Amount,65,256,408,14-09-2024,14-10-2024,Expired
33,SAVE3335,Fixed Amount,170,28,757,12-04-2026,27-07-2026,Active
34,SAVE3426,Fixed Amount,272,238,500,04-09-2025,01-11-2025,Active
35,SAVE3558,Percentage,22,77,944,17-02-2024,08-06-2024,Expired
36,SAVE3678,Fixed Amount,150,90,86,28-06-2023,17-09-2023,Active
37,SAVE3771,Fixed Amount,83,25,936,18-05-2025,19-08-2025,Active
38,SAVE3883,Percentage,34,269,143,22-10-2023,29-12-2023,Active
39,SAVE3919,Percentage,31,197,325,26-06-2024,22-09-2024,Active
40,SAVE4048,Fixed Amount,261,95,846,06-03-2024,25-04-2024,Expired
41,SAVE4197,Percentage,37,35,182,23-09-2024,28-11-2024,Expired
42,SAVE4272,Fixed Amount,62,138,657,02-11-2023,15-01-2024,Active
43,SAVE4371,Fixed Amount,302,147,537,20-07-2025,31-08-2025,Expired
44,SAVE4476,Percentage,39,272,138,19-04-2023,23-05-2023,Active
45,SAVE4587,Percentage,25,209,396,28-02-2023,15-05-2023,Expired
46,SAVE4614,Percentage,45,169,759,07-12-2024,06-03-2025,Expired
47,SAVE4732,Percentage,37,282,501,02-09-2023,17-09-2023,Expired
48,SAVE4816,Percentage,26,146,85,11-04-2026,23-05-2026,Inactive
49,SAVE4914,Fixed Amount,330,,326,05-04-2025,01-08-2025,Active
50,SAVE5057,Percentage,48,125,135,17-10-2025,18-11-2025,Active
51,SAVE5174,Percentage,45,249,,26-05-2024,01-09-2024,Expired
52,SAVE5215,Fixed Amount,460,84,841,20-10-2024,15-02-2025,Active
53,SAVE5321,Percentage,33,50,633,24-01-2025,20-03-2025,Inactive
54,SAVE5443,Percentage,40,33,108,25-05-2024,04-08-2024,Inactive
55,SAVE5520,Fixed Amount,273,29,,14-05-2025,30-08-2025,Active
56,SAVE5610,Fixed Amount,385,83,967,17-05-2026,11-08-2026,Expired
57,SAVE5726,Fixed Amount,64,294,208,14-12-2025,15-02-2026,Expired
58,SAVE5874,Percentage,44,146,518,07-05-2025,23-08-2025,Expired
59,SAVE5974,Percentage,48,,401,26-08-2023,04-11-2023,Active
60,SAVE6033,Fixed Amount,172,178,,17-11-2025,03-12-2025,Expired
61,SAVE6138,Percentage,49,269,,17-10-2024,19-12-2024,Expired
62,SAVE6227,Percentage,19,228,212,14-10-2024,03-01-2025,Active
63,SAVE6323,Fixed Amount,429,141,551,13-02-2024,30-04-2024,Active
64,SAVE6433,Fixed Amount,265,163,,17-06-2025,05-10-2025,Active
65,SAVE6584,Percentage,30,195,916,31-01-2025,28-04-2025,Inactive
66,SAVE6632,Fixed Amount,309,132,804,25-04-2025,10-08-2025,Expired
67,SAVE6727,Fixed Amount,319,174,95,30-11-2024,19-02-2025,Active
68,SAVE6880,Fixed Amount,210,31,574,08-05-2026,27-05-2026,Inactive
69,SAVE6945,Fixed Amount,75,277,71,08-09-2023,06-12-2023,Expired
70,SAVE7079,Percentage,33,25,439,04-04-2024,25-04-2024,Expired
71,SAVE7188,Percentage,30,166,,25-06-2025,19-10-2025,Inactive
72,SAVE7214,Percentage,19,97,950,26-04-2026,19-05-2026,Active
73,SAVE7329,Fixed Amount,451,233,,14-11-2025,18-01-2026,Active
74,SAVE7423,Fixed Amount,377,189,,03-06-2023,10-07-2023,Active
75,SAVE7533,Fixed Amount,265,,,04-02-2024,29-04-2024,Active
76,SAVE7661,Fixed Amount,151,57,758,22-03-2026,17-05-2026,Expired
77,SAVE7716,Fixed Amount,149,277,365,03-04-2026,19-07-2026,Expired
78,SAVE7833,Fixed Amount,156,193,847,06-10-2023,02-02-2024,Inactive
79,SAVE7976,Fixed Amount,56,120,648,01-08-2024,16-10-2024,Active
80,SAVE8091,Percentage,25,275,,13-02-2025,05-06-2025,Expired
81,SAVE8114,Fixed Amount,183,30,56,28-10-2023,25-11-2023,Expired
82,SAVE8264,Fixed Amount,369,150,699,25-03-2025,29-05-2025,Expired
83,SAVE8361,Fixed Amount,112,48,721,17-09-2023,06-10-2023,Active
84,SAVE8434,Fixed Amount,115,157,591,17-04-2023,24-06-2023,Active
85,SAVE8541,Fixed Amount,334,99,893,05-02-2025,22-05-2025,Active
86,SAVE8685,Fixed Amount,150,31,325,03-07-2024,30-10-2024,Active
87,SAVE8746,Percentage,47,133,,12-11-2025,04-03-2026,Active
88,SAVE8862,Fixed Amount,354,86,404,23-11-2025,05-01-2026,Active
89,SAVE8978,Percentage,30,59,296,24-02-2026,23-05-2026,Expired
90,SAVE9065,Fixed Amount,244,,809,30-03-2024,05-07-2024,Active
91,SAVE9187,Percentage,23,128,609,09-02-2024,08-04-2024,Expired
92,SAVE9297,Fixed Amount,426,223,,07-10-2024,31-12-2024,Expired
93,SAVE9351,Fixed Amount,359,82,428,01-06-2023,02-08-2023,Inactive
94,SAVE9442,Fixed Amount,58,102,285,29-03-2023,22-05-2023,Active
95,SAVE9516,Fixed Amount,410,68,819,23-04-2023,23-07-2023,Active
96,SAVE9617,Percentage,42,191,,06-11-2025,02-01-2026,Expired
97,SAVE9773,Fixed Amount,387,67,181,07-01-2023,21-03-2023,Active
98,SAVE9897,Fixed Amount,214,221,,19-04-2025,27-06-2025,Active
99,SAVE9993,Fixed Amount,217,170,258,16-02-2023,08-03-2023,Active
100,SAVE10043,Fixed Amount,105,275,111,10-08-2025,10-09-2025,Inactive
101,SAVE10181,Fixed Amount,487,174,501,23-05-2023,22-07-2023,Active
102,SAVE10243,Percentage,40,89,261,06-11-2023,28-11-2023,Inactive
103,SAVE10327,Fixed Amount,430,182,380,03-06-2025,06-07-2025,Active
104,SAVE10488,Percentage,8,105,,20-06-2024,26-07-2024,Inactive
105,SAVE10597,Percentage,15,251,880,28-03-2024,11-06-2024,Expired
106,SAVE10692,Fixed Amount,303,21,,27-03-2026,04-06-2026,Active
107,SAVE10780,Percentage,24,182,889,09-08-2025,01-10-2025,Expired
108,SAVE10818,Percentage,38,,887,04-05-2026,17-07-2026,Active
109,SAVE10942,Percentage,49,208,590,30-11-2024,22-01-2025,Expired
110,SAVE11094,Percentage,13,232,537,15-05-2023,12-08-2023,Active
111,SAVE11148,Fixed Amount,402,206,604,27-06-2024,13-09-2024,Expired
112,SAVE11292,Percentage,27,267,161,01-12-2025,20-02-2026,Active
113,SAVE11346,Percentage,22,239,431,09-09-2024,17-11-2024,Active
114,SAVE11436,Percentage,49,221,469,18-04-2023,25-07-2023,Active
115,SAVE11538,Percentage,43,299,407,16-10-2025,13-01-2026,Expired
116,SAVE11650,Percentage,25,,821,27-02-2026,02-06-2026,Expired
117,SAVE11787,Percentage,21,127,232,06-11-2024,21-02-2025,Expired
118,SAVE11884,Fixed Amount,421,111,240,22-04-2024,19-06-2024,Active
119,SAVE11914,Percentage,34,199,516,29-10-2023,22-02-2024,Expired
120,SAVE12089,Fixed Amount,247,236,742,01-03-2023,20-03-2023,Active
121,SAVE12178,Fixed Amount,84,208,973,15-07-2024,21-10-2024,Expired
122,SAVE12217,Percentage,39,277,509,14-08-2023,11-12-2023,Expired
123,SAVE12338,Percentage,8,128,867,25-04-2023,25-05-2023,Active
124,SAVE12470,Percentage,39,175,399,22-07-2025,10-11-2025,Active
125,SAVE12570,Fixed Amount,248,163,276,27-12-2025,20-02-2026,Inactive
126,SAVE12651,Fixed Amount,207,190,157,06-09-2023,08-10-2023,Inactive
127,SAVE12749,Fixed Amount,308,88,357,27-07-2023,18-08-2023,Active
128,SAVE12875,Fixed Amount,447,121,273,03-02-2024,29-03-2024,Active
129,SAVE12934,Percentage,33,76,304,20-05-2026,25-06-2026,Expired
130,SAVE13088,Fixed Amount,122,102,375,23-07-2024,16-09-2024,Active
131,SAVE13164,Percentage,22,,883,18-07-2024,26-09-2024,Expired
132,SAVE13283,Percentage,40,53,,16-02-2023,21-03-2023,Active
133,SAVE13386,Percentage,13,126,384,27-08-2025,25-11-2025,Expired
134,SAVE13427,Fixed Amount,401,112,808,22-03-2023,22-05-2023,Inactive
135,SAVE13536,Percentage,18,68,544,29-01-2026,11-05-2026,Expired
136,SAVE13615,Fixed Amount,449,80,80,15-07-2023,20-09-2023,Expired
137,SAVE13782,Percentage,45,157,990,20-09-2023,14-10-2023,Active
138,SAVE13866,Percentage,32,210,329,03-05-2023,04-06-2023,Active
139,SAVE13944,Percentage,22,21,461,10-12-2025,17-01-2026,Active
140,SAVE14098,Percentage,31,289,812,07-08-2023,16-09-2023,Expired
141,SAVE14187,Fixed Amount,294,,445,07-10-2024,14-01-2025,Active
142,SAVE14257,Percentage,31,122,514,10-12-2024,08-03-2025,Expired
143,SAVE14317,Percentage,28,211,,20-07-2025,16-10-2025,Expired
144,SAVE14440,Fixed Amount,466,136,982,31-05-2026,01-07-2026,Expired
145,SAVE14527,Fixed Amount,315,130,529,24-03-2025,07-06-2025,Active
146,SAVE14666,Fixed Amount,422,79,222,26-06-2023,04-08-2023,Active
147,SAVE14777,Percentage,9,97,166,16-02-2023,31-05-2023,Active
148,SAVE14841,Percentage,37,30,425,23-03-2026,03-05-2026,Active
149,SAVE14922,Fixed Amount,360,248,936,25-05-2023,19-07-2023,Expired
150,SAVE15094,Percentage,8,274,153,07-03-2025,09-04-2025,Active
151,SAVE15142,Percentage,37,115,224,26-02-2024,27-03-2024,Active
152,SAVE15273,Fixed Amount,423,235,558,13-02-2026,13-05-2026,Active
153,SAVE15397,Percentage,7,162,717,28-12-2025,14-01-2026,Expired
154,SAVE15451,Percentage,17,29,330,01-10-2023,31-12-2023,Active
155,SAVE15533,Percentage,37,231,665,21-03-2024,13-04-2024,Active
156,SAVE15616,Percentage,44,211,949,18-03-2025,14-07-2025,Active
157,SAVE15797,Percentage,34,170,670,18-10-2025,15-12-2025,Active
158,SAVE15888,Percentage,18,160,331,04-11-2025,21-02-2026,Expired
159,SAVE15994,Percentage,11,64,212,30-04-2023,24-07-2023,Active
160,SAVE16071,Percentage,44,284,451,19-06-2023,04-09-2023,Active
161,SAVE16114,Fixed Amount,438,151,,27-09-2023,29-10-2023,Active
162,SAVE16262,Fixed Amount,316,,409,22-04-2024,01-06-2024,Expired
163,SAVE16388,Fixed Amount,82,50,633,30-11-2024,14-01-2025,Active
164,SAVE16492,Percentage,21,257,911,15-01-2023,05-05-2023,Active
165,SAVE16565,Fixed Amount,294,,278,23-12-2025,28-01-2026,Inactive
166,SAVE16610,Fixed Amount,482,26,756,20-03-2026,26-04-2026,Active
167,SAVE16733,Percentage,49,78,,15-01-2023,28-03-2023,Active
168,SAVE16859,Fixed Amount,367,,628,21-04-2025,26-05-2025,Expired
169,SAVE16985,Percentage,6,89,776,04-08-2024,24-08-2024,Inactive
170,SAVE17033,Fixed Amount,356,132,241,27-12-2025,04-03-2026,Active
171,SAVE17130,Percentage,8,96,352,18-06-2023,04-08-2023,Expired
172,SAVE17220,Fixed Amount,295,280,440,19-01-2026,15-03-2026,Active
173,SAVE17393,Percentage,6,119,737,23-09-2023,13-01-2024,Expired
174,SAVE17495,Percentage,41,95,161,03-10-2024,24-12-2024,Active
175,SAVE17527,Fixed Amount,201,155,361,27-07-2024,21-08-2024,Active
176,SAVE17661,Percentage,31,,810,15-01-2024,28-03-2024,Expired
177,SAVE17732,Fixed Amount,132,137,291,19-03-2024,08-05-2024,Active
178,SAVE17872,Fixed Amount,173,267,333,02-02-2026,02-05-2026,Expired
179,SAVE17935,Percentage,8,226,650,29-05-2025,03-07-2025,Active
180,SAVE18020,Percentage,16,,681,29-06-2024,16-08-2024,Inactive
181,SAVE18121,Percentage,49,121,507,17-10-2023,22-11-2023,Active
182,SAVE18294,Fixed Amount,465,,379,21-08-2025,17-10-2025,Expired
183,SAVE18391,Fixed Amount,105,61,520,11-04-2026,24-07-2026,Inactive
184,SAVE18430,Percentage,48,37,397,06-05-2024,18-07-2024,Expired
185,SAVE18584,Fixed Amount,326,68,646,23-05-2026,22-06-2026,Expired
186,SAVE18622,Fixed Amount,135,141,178,10-04-2026,01-06-2026,Active
187,SAVE18760,Percentage,22,240,95,26-01-2025,07-03-2025,Active
188,SAVE18864,Fixed Amount,411,97,226,02-02-2024,16-04-2024,Active
189,SAVE18919,Percentage,23,85,942,10-04-2024,13-06-2024,Expired
190,SAVE19052,Percentage,49,46,398,19-08-2024,17-09-2024,Active
191,SAVE19120,Percentage,43,131,165,29-10-2025,02-12-2025,Active
192,SAVE19279,Fixed Amount,416,92,198,19-01-2025,16-02-2025,Inactive
193,SAVE19378,Fixed Amount,210,171,757,12-01-2023,17-04-2023,Active
194,SAVE19470,Fixed Amount,52,290,,11-05-2023,28-06-2023,Expired
195,SAVE19591,Fixed Amount,142,182,636,26-06-2024,24-07-2024,Expired
196,SAVE19645,Fixed Amount,448,72,571,17-08-2023,30-09-2023,Active
197,SAVE19714,Fixed Amount,330,235,181,03-05-2023,17-08-2023,Inactive
198,SAVE19810,Fixed Amount,69,172,863,26-10-2023,16-11-2023,Expired
199,SAVE19966,Fixed Amount,262,87,106,07-08-2024,15-10-2024,Active
200,SAVE20069,Percentage,38,200,582,24-08-2023,06-10-2023,Active
201,SAVE20143,Percentage,32,,920,21-07-2024,01-11-2024,Expired
202,SAVE20279,Percentage,13,183,908,06-02-2026,26-02-2026,Expired
203,SAVE20363,Fixed Amount,442,187,840,23-09-2023,23-10-2023,Expired
204,SAVE20451,Percentage,37,101,329,07-12-2025,04-03-2026,Expired
205,SAVE20516,Fixed Amount,412,96,221,06-08-2023,13-09-2023,Inactive
206,SAVE20643,Percentage,28,,331,25-03-2023,07-06-2023,Active
207,SAVE20729,Fixed Amount,226,291,866,04-03-2025,01-05-2025,Inactive
208,SAVE20882,Percentage,5,45,856,28-11-2023,14-12-2023,Active
209,SAVE20987,Fixed Amount,176,61,228,11-03-2024,15-04-2024,Active
210,SAVE21084,Fixed Amount,200,255,681,10-12-2025,21-02-2026,Active
211,SAVE21121,Percentage,7,222,498,09-11-2023,26-01-2024,Expired
212,SAVE21231,Percentage,25,,757,29-04-2023,19-05-2023,Expired
213,SAVE21360,Fixed Amount,181,157,575,27-10-2025,19-01-2026,Expired
214,SAVE21455,Percentage,34,236,689,25-12-2024,22-03-2025,Expired
215,SAVE21515,Percentage,15,,978,05-10-2025,24-10-2025,Active
216,SAVE21661,Percentage,48,80,94,25-05-2024,01-09-2024,Active
217,SAVE21763,Fixed Amount,303,94,,09-04-2024,11-07-2024,Active
218,SAVE21832,Fixed Amount,254,277,871,02-12-2023,26-02-2024,Active
219,SAVE21973,Fixed Amount,135,139,385,22-10-2023,07-12-2023,Active
220,SAVE22053,Fixed Amount,394,289,216,14-06-2025,10-09-2025,Active
221,SAVE22145,Percentage,37,111,482,22-03-2026,26-05-2026,Active
222,SAVE22224,Percentage,44,129,743,10-01-2025,24-02-2025,Active
223,SAVE22318,Percentage,38,127,447,17-11-2023,19-12-2023,Inactive
224,SAVE22423,Fixed Amount,403,77,599,25-03-2024,20-06-2024,Expired
225,SAVE22541,Fixed Amount,192,222,965,12-02-2026,08-04-2026,Active
226,SAVE22662,Percentage,26,28,326,21-10-2024,07-01-2025,Inactive
227,SAVE22790,Percentage,12,135,261,22-09-2025,17-01-2026,Active
228,SAVE22844,Percentage,29,232,667,25-12-2023,01-04-2024,Expired
229,SAVE22935,Percentage,22,112,,08-05-2023,21-08-2023,Expired
230,SAVE23088,Percentage,35,,119,20-08-2024,08-09-2024,Expired
231,SAVE23169,Fixed Amount,438,223,486,06-03-2026,27-05-2026,Active
232,SAVE23291,Fixed Amount,258,71,714,13-01-2023,30-01-2023,Expired
233,SAVE23376,Fixed Amount,363,128,692,16-01-2024,07-04-2024,Expired
234,SAVE23470,Fixed Amount,273,,797,18-07-2024,19-10-2024,Active
235,SAVE23573,Fixed Amount,234,25,874,15-12-2023,19-01-2024,Inactive
236,SAVE23667,Percentage,28,224,934,07-01-2025,23-01-2025,Inactive
237,SAVE23778,Fixed Amount,330,296,754,02-02-2026,23-04-2026,Active
238,SAVE23858,Fixed Amount,374,202,910,18-05-2024,16-08-2024,Active
239,SAVE23951,Fixed Amount,353,82,689,28-10-2023,01-01-2024,Active
240,SAVE24012,Fixed Amount,449,94,211,02-11-2023,21-11-2023,Inactive
241,SAVE24117,Percentage,44,70,374,08-05-2025,17-07-2025,Active
242,SAVE24239,Fixed Amount,109,139,539,03-05-2024,13-06-2024,Active
243,SAVE24391,Fixed Amount,356,131,901,08-09-2025,24-10-2025,Active
244,SAVE24433,Percentage,7,176,364,29-08-2025,20-09-2025,Inactive
245,SAVE24517,Fixed Amount,323,287,102,02-09-2025,05-11-2025,Active
246,SAVE24645,Percentage,5,59,,26-01-2023,25-03-2023,Expired
247,SAVE24784,Fixed Amount,174,88,544,08-05-2025,03-06-2025,Active
248,SAVE24865,Percentage,22,40,,06-05-2026,10-06-2026,Expired
249,SAVE24950,Percentage,23,220,,02-05-2024,22-06-2024,Inactive
250,SAVE25090,Percentage,5,252,523,04-03-2023,04-05-2023,Expired
251,SAVE25173,Percentage,21,,518,27-05-2023,03-07-2023,Active
252,SAVE25269,Fixed Amount,302,,980,17-06-2023,22-07-2023,Active
253,SAVE25372,Fixed Amount,345,160,81,15-01-2024,08-03-2024,Inactive
254,SAVE25454,Fixed Amount,195,247,,06-04-2023,22-07-2023,Active
255,SAVE25534,Fixed Amount,80,175,864,04-08-2023,21-11-2023,Expired
256,SAVE25676,Percentage,14,294,634,13-01-2023,07-03-2023,Active
257,SAVE25766,Fixed Amount,187,,278,23-08-2023,12-12-2023,Inactive
258,SAVE25819,Percentage,44,192,956,05-10-2024,25-12-2024,Active
259,SAVE25936,Fixed Amount,97,92,991,11-04-2025,15-06-2025,Expired
260,SAVE26017,Fixed Amount,65,219,338,25-08-2024,25-11-2024,Inactive
261,SAVE26174,Fixed Amount,483,,93,11-02-2025,12-04-2025,Expired
262,SAVE26288,Percentage,5,245,269,30-08-2025,16-12-2025,Active
263,SAVE26379,Percentage,44,205,781,17-05-2026,11-08-2026,Active
264,SAVE26487,Percentage,38,33,100,27-07-2025,02-10-2025,Active
265,SAVE26568,Fixed Amount,285,42,671,09-04-2025,12-07-2025,Expired
266,SAVE26658,Fixed Amount,110,189,860,02-02-2026,28-03-2026,Active
267,SAVE26718,Fixed Amount,351,48,869,27-01-2026,10-03-2026,Active
268,SAVE26862,Fixed Amount,349,70,464,23-03-2023,11-04-2023,Active
269,SAVE26971,Percentage,31,207,744,04-02-2026,23-02-2026,Active
270,SAVE27040,Fixed Amount,263,153,929,25-05-2025,11-07-2025,Active
271,SAVE27148,Fixed Amount,54,195,,27-01-2026,14-02-2026,Expired
272,SAVE27297,Percentage,11,218,134,08-12-2024,14-03-2025,Active
273,SAVE27318,Fixed Amount,272,63,,12-02-2023,26-05-2023,Active
274,SAVE27474,Fixed Amount,397,207,880,22-12-2023,04-02-2024,Active
275,SAVE27589,Percentage,44,244,307,14-06-2024,03-09-2024,Expired
276,SAVE27617,Percentage,32,91,627,10-12-2024,31-03-2025,Active
277,SAVE27788,Percentage,47,101,746,09-01-2023,30-03-2023,Active
278,SAVE27881,Percentage,11,34,546,08-04-2024,29-05-2024,Inactive
279,SAVE27986,Fixed Amount,70,153,609,17-02-2024,19-05-2024,Active
280,SAVE28020,Percentage,22,40,210,23-03-2026,01-05-2026,Active
281,SAVE28146,Percentage,17,127,380,15-02-2023,09-06-2023,Active
282,SAVE28210,Fixed Amount,368,,927,27-01-2023,03-04-2023,Active
283,SAVE28366,Percentage,43,163,,18-12-2023,13-02-2024,Active
284,SAVE28417,Percentage,32,,797,19-12-2024,24-03-2025,Expired
285,SAVE28575,Fixed Amount,110,121,799,02-04-2024,28-05-2024,Active
286,SAVE28652,Fixed Amount,126,156,640,22-08-2025,07-11-2025,Active
287,SAVE28720,Percentage,28,172,78,29-06-2023,06-09-2023,Expired
288,SAVE28872,Fixed Amount,451,232,921,04-04-2026,20-06-2026,Active
289,SAVE28912,Fixed Amount,80,212,687,07-06-2023,22-09-2023,Active
290,SAVE29027,Fixed Amount,116,147,,24-05-2024,25-07-2024,Inactive
291,SAVE29168,Fixed Amount,59,90,944,16-04-2025,16-07-2025,Inactive
292,SAVE29215,Percentage,25,127,126,18-03-2025,16-04-2025,Active
293,SAVE29331,Fixed Amount,428,210,580,07-07-2023,02-10-2023,Active
294,SAVE29410,Percentage,10,173,358,07-02-2024,29-04-2024,Expired
295,SAVE29547,Percentage,18,207,328,30-06-2025,12-08-2025,Active
296,SAVE29638,Fixed Amount,399,198,655,12-04-2026,08-07-2026,Expired
297,SAVE29722,Percentage,29,29,516,23-09-2025,30-10-2025,Active
298,SAVE29888,Fixed Amount,76,114,218,05-08-2023,09-09-2023,Active
299,SAVE29970,Percentage,31,120,424,10-11-2024,08-12-2024,Active
300,SAVE30092,Fixed Amount,309,271,674,18-05-2024,20-07-2024,Active
301,SAVE30187,Percentage,42,285,753,21-05-2023,28-07-2023,Active
302,SAVE30229,Fixed Amount,247,48,142,13-10-2025,24-12-2025,Expired
303,SAVE30378,Fixed Amount,328,172,400,13-09-2023,22-10-2023,Active
304,SAVE30439,Percentage,24,299,813,31-07-2023,06-11-2023,Expired
305,SAVE30568,Percentage,38,54,932,26-04-2025,10-06-2025,Active
306,SAVE30679,Fixed Amount,59,73,522,01-08-2025,16-08-2025,Active
307,SAVE30797,Fixed Amount,61,61,679,29-05-2023,19-07-2023,Expired
308,SAVE30861,Percentage,23,83,253,12-05-2023,17-07-2023,Inactive
309,SAVE30942,Fixed Amount,58,107,159,18-05-2025,11-06-2025,Active
310,SAVE31033,Fixed Amount,214,213,996,18-05-2024,04-08-2024,Expired
311,SAVE31159,Percentage,15,203,458,08-12-2024,23-01-2025,Active
312,SAVE31271,Percentage,12,276,885,12-01-2025,23-02-2025,Active
313,SAVE31317,Percentage,9,123,876,23-02-2023,22-05-2023,Expired
314,SAVE31439,Fixed Amount,138,36,376,07-10-2025,13-12-2025,Expired
315,SAVE31536,Percentage,42,232,319,25-08-2023,19-12-2023,Active
316,SAVE31680,Fixed Amount,370,136,572,20-02-2024,23-04-2024,Active
317,SAVE31722,Percentage,49,189,422,07-11-2023,15-12-2023,Inactive
318,SAVE31848,Percentage,23,216,925,01-03-2024,14-06-2024,Expired
319,SAVE31945,Fixed Amount,478,226,222,05-10-2024,21-12-2024,Expired
320,SAVE32049,Fixed Amount,244,94,394,17-11-2025,24-01-2026,Expired
321,SAVE32152,Fixed Amount,282,,985,20-09-2025,22-10-2025,Active
322,SAVE32291,Percentage,29,238,735,18-04-2026,05-08-2026,Expired
323,SAVE32332,Fixed Amount,490,160,717,26-07-2025,27-08-2025,Active
324,SAVE32428,Fixed Amount,404,32,937,24-12-2023,09-04-2024,Expired
325,SAVE32548,Percentage,9,41,161,10-08-2023,10-09-2023,Expired
326,SAVE32652,Percentage,35,216,,18-08-2023,05-10-2023,Active
327,SAVE32733,Fixed Amount,215,254,501,20-01-2023,30-04-2023,Active
328,SAVE32894,Fixed Amount,137,271,245,31-01-2025,16-05-2025,Expired
329,SAVE32963,Fixed Amount,370,173,377,11-10-2025,10-11-2025,Active
330,SAVE33031,Percentage,41,285,340,14-03-2025,11-06-2025,Active
331,SAVE33186,Percentage,24,42,836,03-12-2023,14-03-2024,Active
332,SAVE33247,Fixed Amount,465,127,491,21-11-2025,22-01-2026,Expired
333,SAVE33346,Fixed Amount,133,198,781,16-06-2023,23-07-2023,Active
334,SAVE33428,Percentage,49,72,419,23-08-2024,17-11-2024,Active
335,SAVE33531,Fixed Amount,472,215,190,21-10-2024,30-01-2025,Inactive
336,SAVE33624,Percentage,35,182,916,24-09-2025,08-11-2025,Active
337,SAVE33730,Fixed Amount,417,74,153,20-07-2024,11-08-2024,Expired
338,SAVE33819,Fixed Amount,346,277,126,30-08-2023,18-11-2023,Inactive
339,SAVE33957,Fixed Amount,119,62,389,23-10-2024,07-02-2025,Expired
340,SAVE34068,Percentage,19,156,60,24-07-2025,06-10-2025,Expired
341,SAVE34152,Fixed Amount,402,105,350,23-03-2024,10-06-2024,Expired
342,SAVE34243,Fixed Amount,239,26,907,22-12-2023,16-03-2024,Active
343,SAVE34370,Fixed Amount,398,236,330,29-09-2023,25-11-2023,Active
344,SAVE34476,Percentage,48,46,137,19-08-2023,09-09-2023,Active
345,SAVE34589,Percentage,29,298,106,22-04-2026,11-06-2026,Active
346,SAVE34672,Fixed Amount,138,,196,25-07-2024,11-08-2024,Active
347,SAVE34781,Percentage,34,291,558,23-07-2023,05-10-2023,Inactive
348,SAVE34813,Fixed Amount,314,126,543,04-07-2023,19-09-2023,Active
349,SAVE34977,Percentage,7,,436,05-02-2025,15-03-2025,Expired
350,SAVE35013,Percentage,21,295,278,21-06-2025,15-10-2025,Active
351,SAVE35185,Percentage,13,248,157,18-09-2023,17-10-2023,Expired
352,SAVE35298,Fixed Amount,88,105,392,26-07-2024,07-10-2024,Active
353,SAVE35329,Percentage,6,95,442,15-04-2024,17-07-2024,Active
354,SAVE35429,Percentage,5,,964,25-12-2025,14-02-2026,Active
355,SAVE35526,Percentage,9,243,722,28-09-2024,16-11-2024,Active
356,SAVE35687,Fixed Amount,423,225,563,19-04-2024,20-06-2024,Expired
357,SAVE35780,Percentage,10,232,359,14-03-2025,05-05-2025,Active
358,SAVE35829,Fixed Amount,340,249,792,24-05-2023,15-07-2023,Inactive
359,SAVE35950,Percentage,18,92,904,13-03-2026,24-04-2026,Expired
360,SAVE36033,Percentage,33,80,670,13-11-2023,12-01-2024,Active
361,SAVE36131,Percentage,6,179,693,29-02-2024,28-05-2024,Expired
362,SAVE36289,Fixed Amount,312,219,461,25-11-2025,17-01-2026,Active
363,SAVE36345,Fixed Amount,299,40,534,05-09-2023,12-12-2023,Expired
364,SAVE36462,Percentage,16,253,938,26-06-2023,13-07-2023,Active
365,SAVE36526,Fixed Amount,233,237,,07-04-2026,27-05-2026,Active
366,SAVE36675,Fixed Amount,437,138,451,18-05-2024,08-08-2024,Expired
367,SAVE36758,Percentage,30,277,401,05-08-2023,10-10-2023,Inactive
368,SAVE36898,Fixed Amount,186,159,715,20-11-2024,15-12-2024,Inactive
369,SAVE36911,Percentage,33,74,532,27-06-2023,17-07-2023,Active
370,SAVE37034,Fixed Amount,261,220,169,28-11-2025,05-02-2026,Active
371,SAVE37136,Percentage,21,183,378,11-01-2023,30-04-2023,Inactive
372,SAVE37230,Percentage,45,,486,13-04-2024,06-07-2024,Inactive
373,SAVE37381,Percentage,27,,198,24-09-2023,18-11-2023,Active
374,SAVE37458,Percentage,34,,187,09-07-2023,05-10-2023,Expired
375,SAVE37576,Percentage,23,79,391,14-03-2026,28-04-2026,Active
376,SAVE37646,Percentage,19,155,453,23-12-2024,18-04-2025,Active
377,SAVE37723,Fixed Amount,467,145,266,20-06-2024,23-08-2024,Active
378,SAVE37833,Fixed Amount,217,288,418,15-03-2023,05-04-2023,Expired
379,SAVE37996,Fixed Amount,84,94,697,17-01-2023,24-03-2023,Active
380,SAVE38056,Percentage,21,57,659,08-01-2025,09-02-2025,Inactive
381,SAVE38132,Percentage,24,296,742,16-12-2024,22-03-2025,Active
382,SAVE38265,Percentage,6,198,622,16-03-2024,01-06-2024,Active
383,SAVE38331,Percentage,46,289,,16-05-2023,02-07-2023,Expired
384,SAVE38417,Fixed Amount,393,125,442,14-05-2026,03-06-2026,Active
385,SAVE38520,Fixed Amount,406,226,391,22-03-2025,23-06-2025,Inactive
386,SAVE38655,Fixed Amount,320,,155,29-11-2025,24-02-2026,Expired
387,SAVE38758,Fixed Amount,268,169,,24-12-2023,12-04-2024,Expired
388,SAVE38825,Fixed Amount,130,289,744,26-01-2023,10-05-2023,Inactive
389,SAVE38960,Percentage,8,,803,12-03-2024,02-05-2024,Active
390,SAVE39075,Percentage,24,200,585,20-04-2023,12-05-2023,Expired
391,SAVE39172,Fixed Amount,351,171,599,09-01-2024,03-04-2024,Active
392,SAVE39263,Percentage,9,295,312,19-08-2025,10-12-2025,Expired
393,SAVE39361,Fixed Amount,163,162,80,11-07-2023,04-08-2023,Expired
394,SAVE39428,Percentage,34,255,121,20-05-2024,25-07-2024,Expired
395,SAVE39562,Fixed Amount,398,155,465,13-03-2023,14-04-2023,Expired
396,SAVE39691,Percentage,41,44,134,25-11-2023,27-01-2024,Expired
397,SAVE39787,Fixed Amount,472,281,747,22-04-2026,25-06-2026,Active
398,SAVE39877,Fixed Amount,243,62,,06-08-2024,19-09-2024,Expired
399,SAVE39963,Fixed Amount,230,50,718,08-10-2023,11-12-2023,Active
400,SAVE40025,Percentage,26,,837,06-09-2023,02-11-2023,Active
401,SAVE40195,Fixed Amount,438,279,635,18-05-2023,24-07-2023,Expired
402,SAVE40232,Percentage,18,293,,05-11-2023,02-03-2024,Active
403,SAVE40369,Fixed Amount,97,31,422,19-03-2024,11-07-2024,Active
404,SAVE40493,Percentage,32,68,939,02-11-2023,27-01-2024,Active
405,SAVE40593,Percentage,20,159,,17-03-2025,26-06-2025,Expired
406,SAVE40647,Fixed Amount,115,275,340,24-08-2024,01-11-2024,Expired
407,SAVE40794,Fixed Amount,133,289,409,23-10-2024,06-12-2024,Active
408,SAVE40873,Fixed Amount,341,197,129,30-05-2025,09-09-2025,Expired
409,SAVE40939,Fixed Amount,192,198,750,09-07-2024,12-09-2024,Expired
410,SAVE41077,Percentage,38,242,170,03-10-2025,14-01-2026,Active
411,SAVE41198,Fixed Amount,235,74,988,21-05-2023,21-06-2023,Inactive
412,SAVE41285,Percentage,44,184,953,20-11-2024,08-12-2024,Expired
413,SAVE41316,Fixed Amount,211,256,209,31-01-2023,29-03-2023,Expired
414,SAVE41492,Fixed Amount,186,213,831,23-05-2026,19-07-2026,Expired
415,SAVE41570,Percentage,40,,289,25-06-2025,06-09-2025,Expired
416,SAVE41695,Fixed Amount,248,170,566,04-06-2023,22-07-2023,Inactive
417,SAVE41782,Fixed Amount,175,89,907,02-07-2025,21-08-2025,Active
418,SAVE41815,Percentage,44,145,617,02-12-2024,04-01-2025,Expired
419,SAVE41942,Fixed Amount,260,94,439,01-04-2024,15-07-2024,Expired
420,SAVE42080,Fixed Amount,256,228,794,23-07-2024,11-10-2024,Inactive
421,SAVE42150,Percentage,40,224,671,02-11-2025,01-01-2026,Active
422,SAVE42226,Percentage,37,,,17-10-2023,23-01-2024,Active
423,SAVE42353,Percentage,29,190,732,22-03-2024,17-07-2024,Active
424,SAVE42447,Percentage,15,164,146,24-07-2025,02-09-2025,Active
425,SAVE42557,Percentage,36,43,844,03-07-2024,24-10-2024,Active
426,SAVE42678,Fixed Amount,362,194,135,12-11-2023,25-02-2024,Active
427,SAVE42728,Percentage,35,200,,28-03-2026,23-04-2026,Active
428,SAVE42866,Fixed Amount,322,215,796,22-05-2023,11-06-2023,Expired
429,SAVE42936,Fixed Amount,82,111,239,02-07-2024,25-10-2024,Expired
430,SAVE43057,Percentage,28,53,380,30-05-2026,27-07-2026,Active
431,SAVE43169,Percentage,8,44,676,13-05-2026,14-06-2026,Inactive
432,SAVE43244,Fixed Amount,137,52,427,21-04-2023,11-06-2023,Active
433,SAVE43384,Percentage,25,109,354,23-08-2024,20-10-2024,Active
434,SAVE43456,Fixed Amount,246,226,167,31-03-2025,06-06-2025,Expired
435,SAVE43587,Percentage,9,45,719,27-02-2024,01-06-2024,Expired
436,SAVE43632,Percentage,38,276,,06-11-2024,03-01-2025,Expired
437,SAVE43781,Fixed Amount,156,108,90,30-09-2025,19-01-2026,Active
438,SAVE43879,Fixed Amount,325,230,789,07-05-2023,30-05-2023,Active
439,SAVE43924,Percentage,26,144,749,22-02-2025,10-05-2025,Active
440,SAVE44049,Fixed Amount,369,274,334,06-09-2024,14-10-2024,Expired
441,SAVE44138,Fixed Amount,382,50,207,31-07-2024,22-10-2024,Active
442,SAVE44210,Percentage,40,199,462,18-01-2025,25-04-2025,Expired
443,SAVE44395,Percentage,11,47,522,11-04-2023,21-06-2023,Expired
444,SAVE44430,Fixed Amount,53,242,447,19-03-2024,10-05-2024,Expired
445,SAVE44576,Percentage,44,157,,06-04-2025,22-04-2025,Active
446,SAVE44693,Percentage,39,91,548,26-05-2024,18-08-2024,Active
447,SAVE44740,Percentage,25,180,866,02-08-2023,07-11-2023,Active
448,SAVE44844,Percentage,24,290,439,28-06-2024,10-09-2024,Active
449,SAVE44915,Percentage,40,239,844,22-12-2023,13-03-2024,Active
450,SAVE45019,Percentage,43,286,118,20-11-2024,10-01-2025,Active
451,SAVE45166,Fixed Amount,138,272,857,14-06-2024,02-09-2024,Active
452,SAVE45274,Percentage,21,69,196,20-01-2025,15-05-2025,Active
453,SAVE45361,Percentage,11,187,875,28-04-2026,26-07-2026,Expired
454,SAVE45411,Fixed Amount,229,42,840,08-12-2024,07-02-2025,Inactive
455,SAVE45518,Fixed Amount,170,252,261,28-01-2023,24-05-2023,Expired
456,SAVE45662,Percentage,16,192,900,26-10-2024,11-02-2025,Expired
457,SAVE45723,Fixed Amount,171,290,389,05-05-2026,12-08-2026,Expired
458,SAVE45872,Fixed Amount,300,225,346,15-03-2023,04-07-2023,Inactive
459,SAVE45961,Fixed Amount,445,148,712,16-03-2024,09-07-2024,Active
460,SAVE46063,Fixed Amount,339,45,345,17-09-2024,12-11-2024,Expired
461,SAVE46160,Percentage,22,125,161,04-12-2023,17-02-2024,Active
462,SAVE46270,Percentage,40,197,,17-12-2025,01-04-2026,Active
463,SAVE46324,Fixed Amount,288,65,837,23-09-2025,28-11-2025,Active
464,SAVE46481,Percentage,36,62,623,22-01-2023,12-05-2023,Active
465,SAVE46518,Fixed Amount,278,209,595,09-12-2024,01-01-2025,Inactive
466,SAVE46649,Fixed Amount,369,160,,15-09-2024,31-12-2024,Active
467,SAVE46710,Fixed Amount,211,272,664,25-02-2024,30-03-2024,Expired
468,SAVE46821,Fixed Amount,367,,695,22-04-2023,04-08-2023,Expired
469,SAVE46959,Percentage,46,156,470,18-12-2023,16-03-2024,Inactive
470,SAVE47097,Fixed Amount,255,156,82,06-12-2023,29-03-2024,Active
471,SAVE47119,Percentage,31,249,525,15-01-2023,16-03-2023,Active
472,SAVE47280,Percentage,32,216,124,25-12-2023,14-01-2024,Expired
473,SAVE47381,Percentage,40,108,194,24-05-2025,21-06-2025,Expired
474,SAVE47444,Fixed Amount,275,,896,03-09-2025,03-11-2025,Active
475,SAVE47588,Percentage,34,,633,10-08-2024,16-09-2024,Inactive
476,SAVE47669,Fixed Amount,259,102,,18-10-2024,11-12-2024,Active
477,SAVE47717,Percentage,5,165,637,03-05-2026,27-07-2026,Inactive
478,SAVE47838,Fixed Amount,269,268,541,05-02-2024,26-05-2024,Expired
479,SAVE47994,Percentage,27,201,818,28-01-2025,07-05-2025,Active
480,SAVE48063,Fixed Amount,380,274,417,08-07-2025,26-08-2025,Active
481,SAVE48187,Fixed Amount,242,27,784,24-07-2024,04-09-2024,Expired
482,SAVE48237,Fixed Amount,86,274,658,02-05-2023,18-05-2023,Expired
483,SAVE48349,Fixed Amount,121,257,541,18-05-2026,14-06-2026,Expired
484,SAVE48410,Percentage,22,163,239,02-12-2025,06-02-2026,Expired
485,SAVE48567,Fixed Amount,414,240,99,10-12-2025,28-02-2026,Inactive
486,SAVE48663,Fixed Amount,300,135,408,29-05-2023,22-06-2023,Expired
487,SAVE48766,Fixed Amount,196,282,351,27-02-2025,17-04-2025,Active
488,SAVE48887,Percentage,21,247,922,18-02-2024,13-03-2024,Expired
489,SAVE48941,Percentage,43,161,474,23-07-2025,17-08-2025,Inactive
490,SAVE49057,Fixed Amount,72,51,817,04-02-2024,02-05-2024,Active
491,SAVE49181,Fixed Amount,271,154,,30-01-2026,01-05-2026,Active
492,SAVE49268,Fixed Amount,486,188,438,06-02-2023,23-02-2023,Inactive
493,SAVE49321,Fixed Amount,197,28,282,15-09-2023,15-10-2023,Active
494,SAVE49460,Percentage,6,289,,06-08-2024,23-10-2024,Active
495,SAVE49547,Percentage,42,27,131,16-04-2026,13-07-2026,Expired
496,SAVE49611,Fixed Amount,441,134,731,03-12-2023,16-03-2024,Expired
497,SAVE49764,Percentage,35,204,884,11-02-2024,10-05-2024,Expired
498,SAVE49818,Percentage,40,178,56,20-11-2024,05-03-2025,Active
499,SAVE49962,Percentage,15,,565,24-04-2024,02-06-2024,Active
500,SAVE50064,Percentage,6,118,382,01-05-2025,06-07-2025,Active
501,SAVE50155,Fixed Amount,92,72,131,17-10-2025,27-01-2026,Active
502,SAVE50256,Fixed Amount,497,287,175,19-02-2024,14-05-2024,Active
503,SAVE50349,Percentage,42,266,394,11-04-2024,21-05-2024,Active
504,SAVE50437,Fixed Amount,91,254,495,19-05-2025,02-09-2025,Active
505,SAVE50596,Fixed Amount,451,63,611,21-09-2023,30-12-2023,Expired
506,SAVE50642,Fixed Amount,65,92,886,21-03-2023,09-04-2023,Active
507,SAVE50729,Fixed Amount,379,78,472,06-03-2023,30-05-2023,Active
508,SAVE50817,Percentage,45,48,984,15-09-2025,21-11-2025,Expired
509,SAVE50914,Fixed Amount,226,174,58,22-04-2026,10-06-2026,Inactive
510,SAVE51029,Fixed Amount,129,236,511,13-04-2023,04-07-2023,Active
511,SAVE51152,Percentage,25,212,634,19-05-2024,20-07-2024,Active
512,SAVE51234,Fixed Amount,373,94,,15-02-2026,02-06-2026,Active
513,SAVE51398,Percentage,24,,123,03-07-2024,03-08-2024,Active
514,SAVE51463,Percentage,27,35,668,28-03-2024,13-07-2024,Expired
515,SAVE51524,Fixed Amount,343,235,772,27-05-2025,04-07-2025,Active
516,SAVE51694,Percentage,21,180,951,14-10-2025,02-12-2025,Expired
517,SAVE51711,Fixed Amount,213,211,242,07-05-2025,12-06-2025,Inactive
518,SAVE51864,Fixed Amount,196,42,,21-02-2024,16-04-2024,Expired
519,SAVE51943,Fixed Amount,413,287,,02-08-2024,18-09-2024,Inactive
520,SAVE52058,Percentage,29,152,996,12-10-2023,12-01-2024,Expired
521,SAVE52193,Fixed Amount,53,61,548,08-08-2024,15-10-2024,Expired
522,SAVE52227,Fixed Amount,197,34,393,12-09-2025,17-10-2025,Expired
523,SAVE52349,Fixed Amount,398,130,188,21-07-2023,16-11-2023,Active
524,SAVE52481,Percentage,49,223,357,25-04-2024,19-05-2024,Active
525,SAVE52553,Percentage,17,77,508,30-12-2025,02-02-2026,Expired
526,SAVE52698,Fixed Amount,364,,774,29-08-2023,07-11-2023,Expired
527,SAVE52780,Percentage,9,58,780,25-08-2025,26-11-2025,Expired
528,SAVE52825,Percentage,24,42,71,05-07-2023,04-09-2023,Active
529,SAVE52923,Fixed Amount,361,70,569,10-04-2023,22-07-2023,Active
530,SAVE53032,Fixed Amount,185,172,217,19-02-2025,12-04-2025,Expired
531,SAVE53144,Percentage,18,233,796,08-02-2023,12-03-2023,Active
532,SAVE53287,Percentage,31,181,201,11-07-2025,30-08-2025,Active
533,SAVE53328,Percentage,12,,684,10-07-2023,23-10-2023,Active
534,SAVE53441,Percentage,31,22,,20-05-2026,20-06-2026,Active
535,SAVE53596,Fixed Amount,150,,813,06-07-2023,18-09-2023,Active
536,SAVE53681,Percentage,19,,732,10-09-2023,03-12-2023,Inactive
537,SAVE53787,Fixed Amount,380,51,467,23-12-2024,08-02-2025,Expired
538,SAVE53835,Fixed Amount,437,84,897,16-11-2024,04-03-2025,Expired
539,SAVE53963,Percentage,25,143,732,08-05-2026,16-07-2026,Active
540,SAVE54056,Fixed Amount,63,105,705,14-01-2026,01-03-2026,Active
541,SAVE54158,Percentage,21,210,837,13-12-2023,08-04-2024,Expired
542,SAVE54283,Fixed Amount,88,96,985,08-04-2026,17-05-2026,Active
543,SAVE54393,Percentage,21,221,453,24-02-2025,14-04-2025,Active
544,SAVE54416,Fixed Amount,72,44,329,11-05-2023,14-07-2023,Active
545,SAVE54571,Percentage,45,151,765,28-03-2025,17-04-2025,Expired
546,SAVE54649,Percentage,37,192,883,29-10-2023,04-02-2024,Active
547,SAVE54711,Percentage,38,277,299,11-09-2025,06-11-2025,Active
548,SAVE54832,Percentage,44,62,,14-06-2024,20-09-2024,Expired
549,SAVE54968,Percentage,28,,331,15-01-2023,11-02-2023,Active
550,SAVE55055,Percentage,36,88,832,09-07-2024,07-10-2024,Active
551,SAVE55129,Fixed Amount,331,254,939,01-04-2024,19-04-2024,Inactive
552,SAVE55216,Fixed Amount,414,47,,20-04-2024,25-07-2024,Active
553,SAVE55327,Fixed Amount,90,192,258,24-05-2023,18-06-2023,Active
554,SAVE55497,Percentage,22,130,,27-01-2025,21-05-2025,Inactive
555,SAVE55590,Percentage,49,271,799,16-04-2026,04-05-2026,Active
556,SAVE55683,Percentage,5,286,998,21-02-2026,22-04-2026,Expired
557,SAVE55732,Percentage,20,240,,10-05-2024,30-05-2024,Inactive
558,SAVE55872,Fixed Amount,225,158,785,24-07-2023,27-08-2023,Active
559,SAVE55913,Percentage,14,120,441,31-10-2024,23-01-2025,Active
560,SAVE56026,Fixed Amount,260,112,583,09-10-2023,25-11-2023,Active
561,SAVE56127,Fixed Amount,426,212,121,31-05-2026,15-07-2026,Expired
562,SAVE56219,Fixed Amount,275,290,,07-05-2023,02-09-2023,Expired
563,SAVE56342,Percentage,20,292,510,29-05-2024,19-09-2024,Active
564,SAVE56467,Fixed Amount,288,222,497,28-09-2024,19-12-2024,Expired
565,SAVE56510,Fixed Amount,363,229,757,12-11-2025,30-11-2025,Active
566,SAVE56611,Fixed Amount,228,99,168,29-10-2025,18-11-2025,Active
567,SAVE56745,Fixed Amount,255,69,761,15-11-2025,31-01-2026,Active
568,SAVE56854,Fixed Amount,192,210,893,25-04-2025,19-06-2025,Active
569,SAVE56995,Fixed Amount,144,295,231,08-11-2025,20-01-2026,Active
570,SAVE57040,Fixed Amount,348,230,464,12-08-2024,06-10-2024,Expired
571,SAVE57162,Fixed Amount,230,219,815,27-07-2024,22-10-2024,Expired
572,SAVE57296,Fixed Amount,353,48,,08-09-2025,28-12-2025,Active
573,SAVE57366,Fixed Amount,274,,978,12-11-2024,11-03-2025,Active
574,SAVE57421,Percentage,7,155,728,28-04-2023,22-07-2023,Expired
575,SAVE57544,Percentage,8,137,526,08-02-2023,03-04-2023,Active
576,SAVE57692,Percentage,19,232,436,29-05-2025,04-08-2025,Active
577,SAVE57749,Percentage,31,169,551,20-02-2023,25-03-2023,Expired
578,SAVE57874,Percentage,45,26,,27-09-2024,31-12-2024,Expired
579,SAVE57946,Fixed Amount,377,115,835,23-01-2026,08-03-2026,Active
580,SAVE58070,Percentage,42,258,962,08-04-2025,03-06-2025,Expired
581,SAVE58110,Percentage,12,283,748,27-02-2026,09-05-2026,Active
582,SAVE58267,Percentage,31,,819,07-12-2024,30-03-2025,Inactive
583,SAVE58318,Fixed Amount,314,115,533,15-08-2024,16-10-2024,Active
584,SAVE58415,Percentage,44,125,,11-04-2023,06-05-2023,Expired
585,SAVE58598,Percentage,34,232,657,30-10-2025,02-02-2026,Inactive
586,SAVE58653,Percentage,45,188,939,03-06-2025,02-09-2025,Expired
587,SAVE58783,Fixed Amount,96,170,849,24-04-2023,27-07-2023,Expired
588,SAVE58870,Fixed Amount,381,160,87,06-01-2023,21-04-2023,Expired
589,SAVE58946,Fixed Amount,101,273,,21-04-2024,19-06-2024,Inactive
590,SAVE59090,Fixed Amount,123,91,220,23-10-2024,17-02-2025,Inactive
591,SAVE59129,Fixed Amount,406,273,225,17-07-2023,26-09-2023,Expired
592,SAVE59222,Fixed Amount,218,45,626,15-09-2024,23-10-2024,Expired
593,SAVE59310,Percentage,14,54,942,14-07-2025,04-11-2025,Active
594,SAVE59479,Fixed Amount,207,236,319,12-12-2024,23-02-2025,Expired
595,SAVE59590,Percentage,29,,571,01-07-2024,23-08-2024,Expired
596,SAVE59666,Percentage,23,104,,30-08-2024,07-11-2024,Inactive
597,SAVE59753,Percentage,37,168,847,06-05-2026,10-08-2026,Active
598,SAVE59837,Fixed Amount,114,156,,10-01-2023,21-03-2023,Active
599,SAVE59996,Fixed Amount,72,112,739,03-12-2023,01-02-2024,Active
600,SAVE60096,Percentage,23,29,899,24-03-2024,29-05-2024,Expired
601,SAVE60112,Fixed Amount,315,181,,31-10-2025,17-12-2025,Active
602,SAVE60268,Fixed Amount,262,296,210,07-04-2026,01-07-2026,Active
603,SAVE60317,Percentage,11,39,147,16-11-2025,09-12-2025,Expired
604,SAVE60429,Fixed Amount,188,75,126,29-12-2025,01-02-2026,Active
605,SAVE60556,Fixed Amount,427,125,,31-07-2025,01-09-2025,Expired
606,SAVE60636,Percentage,29,67,809,08-05-2024,17-08-2024,Active
607,SAVE60789,Fixed Amount,189,65,661,13-04-2026,06-08-2026,Expired
608,SAVE60831,Fixed Amount,249,275,972,07-05-2025,07-06-2025,Active
609,SAVE60933,Percentage,41,,56,27-05-2026,23-07-2026,Inactive
610,SAVE61015,Percentage,30,,111,22-03-2024,01-07-2024,Expired
611,SAVE61141,Percentage,5,111,843,10-08-2023,05-12-2023,Expired
612,SAVE61210,Fixed Amount,483,27,,14-08-2023,05-10-2023,Active
613,SAVE61388,Fixed Amount,300,,273,31-08-2024,11-12-2024,Expired
614,SAVE61467,Fixed Amount,405,132,937,09-07-2025,18-08-2025,Active
615,SAVE61517,Percentage,22,33,480,14-01-2026,06-02-2026,Active
616,SAVE61691,Fixed Amount,274,207,295,01-11-2025,02-01-2026,Expired
617,SAVE61745,Fixed Amount,361,51,595,09-06-2024,08-08-2024,Inactive
618,SAVE61886,Fixed Amount,243,74,179,14-09-2023,17-11-2023,Active
619,SAVE61970,Fixed Amount,227,43,426,16-06-2024,28-08-2024,Inactive
620,SAVE62018,Percentage,38,51,620,29-10-2025,30-01-2026,Active
621,SAVE62191,Fixed Amount,244,,488,31-01-2024,12-04-2024,Expired
622,SAVE62218,Fixed Amount,218,124,264,06-03-2025,31-03-2025,Active
623,SAVE62383,Percentage,47,,160,12-12-2025,12-01-2026,Active
624,SAVE62452,Fixed Amount,271,107,338,20-02-2026,19-06-2026,Active
625,SAVE62558,Fixed Amount,259,210,418,07-11-2023,12-02-2024,Active
626,SAVE62668,Percentage,23,134,576,26-10-2024,28-01-2025,Active
627,SAVE62753,Fixed Amount,313,175,642,13-05-2026,29-07-2026,Expired
628,SAVE62819,Percentage,42,288,240,21-11-2024,06-02-2025,Active
629,SAVE62991,Percentage,11,295,709,27-03-2023,28-04-2023,Active
630,SAVE63083,Fixed Amount,433,76,605,27-04-2026,28-06-2026,Active
631,SAVE63128,Percentage,27,28,706,10-08-2025,06-10-2025,Inactive
632,SAVE63232,Percentage,35,230,,26-09-2023,29-12-2023,Active
633,SAVE63342,Percentage,38,41,453,15-03-2025,02-05-2025,Active
634,SAVE63465,Fixed Amount,98,192,157,04-09-2024,24-12-2024,Expired
635,SAVE63588,Fixed Amount,221,100,415,26-09-2025,08-11-2025,Expired
636,SAVE63634,Fixed Amount,263,158,952,20-02-2024,06-06-2024,Inactive
637,SAVE63790,Percentage,6,23,213,12-04-2025,31-07-2025,Active
638,SAVE63885,Fixed Amount,225,236,445,16-06-2024,02-08-2024,Active
639,SAVE63933,Fixed Amount,240,164,978,23-05-2024,29-07-2024,Inactive
640,SAVE64016,Percentage,23,232,265,21-09-2023,05-11-2023,Inactive
641,SAVE64136,Percentage,41,,693,26-09-2023,27-11-2023,Active
642,SAVE64249,Fixed Amount,384,135,662,25-12-2023,14-02-2024,Active
643,SAVE64358,Fixed Amount,342,270,920,18-08-2023,01-12-2023,Expired
644,SAVE64450,Percentage,5,232,525,02-10-2023,15-11-2023,Active
645,SAVE64512,Fixed Amount,261,70,640,08-07-2024,23-09-2024,Expired
646,SAVE64624,Percentage,6,91,214,03-10-2023,21-10-2023,Active
647,SAVE64785,Percentage,27,152,299,06-02-2025,24-04-2025,Expired
648,SAVE64894,Percentage,10,94,928,30-05-2023,02-09-2023,Active
649,SAVE64922,Percentage,31,168,673,09-08-2024,13-11-2024,Inactive
650,SAVE65032,Fixed Amount,213,124,488,20-11-2025,05-12-2025,Expired
651,SAVE65117,Percentage,29,187,355,06-05-2025,27-07-2025,Inactive
652,SAVE65262,Fixed Amount,216,185,101,27-08-2023,25-11-2023,Active
653,SAVE65394,Percentage,44,71,552,26-11-2025,22-01-2026,Expired
654,SAVE65456,Fixed Amount,396,,296,30-08-2024,24-12-2024,Inactive
655,SAVE65585,Percentage,16,185,521,02-12-2024,27-03-2025,Active
656,SAVE65669,Percentage,28,166,529,12-03-2026,06-07-2026,Expired
657,SAVE65749,Percentage,19,159,350,16-02-2024,01-04-2024,Expired
658,SAVE65865,Percentage,11,45,95,22-08-2023,02-10-2023,Active
659,SAVE65975,Fixed Amount,379,50,317,21-11-2023,10-12-2023,Active
660,SAVE66079,Percentage,18,171,81,14-03-2026,12-05-2026,Expired
661,SAVE66142,Percentage,10,193,445,17-12-2024,08-03-2025,Active
662,SAVE66259,Fixed Amount,147,20,320,27-04-2025,13-08-2025,Active
663,SAVE66312,Fixed Amount,346,218,849,28-12-2024,07-03-2025,Active
664,SAVE66436,Percentage,21,174,154,14-07-2025,16-08-2025,Expired
665,SAVE66552,Fixed Amount,397,223,785,31-12-2024,01-03-2025,Expired
666,SAVE66677,Percentage,32,,750,23-07-2025,19-09-2025,Active
667,SAVE66797,Fixed Amount,266,120,331,12-11-2024,24-01-2025,Active
668,SAVE66829,Fixed Amount,155,115,620,18-03-2026,26-05-2026,Active
669,SAVE66968,Percentage,7,233,622,25-07-2025,14-11-2025,Active
670,SAVE67012,Fixed Amount,190,176,,23-02-2025,14-05-2025,Expired
671,SAVE67143,Fixed Amount,97,223,721,25-04-2025,03-06-2025,Active
672,SAVE67293,Percentage,41,253,432,16-09-2023,04-12-2023,Active
673,SAVE67374,Fixed Amount,140,189,529,25-05-2023,11-09-2023,Active
674,SAVE67450,Percentage,45,199,,31-01-2025,31-03-2025,Inactive
675,SAVE67559,Fixed Amount,476,52,,06-12-2023,29-01-2024,Expired
676,SAVE67649,Percentage,47,215,537,27-07-2023,19-09-2023,Expired
677,SAVE67713,Percentage,15,278,,27-01-2023,29-04-2023,Active
678,SAVE67851,Fixed Amount,422,191,788,01-03-2025,25-03-2025,Inactive
679,SAVE67959,Percentage,12,116,298,16-03-2023,18-06-2023,Expired
680,SAVE68080,Percentage,12,41,956,05-01-2026,23-04-2026,Inactive
681,SAVE68149,Fixed Amount,184,280,226,01-05-2025,01-07-2025,Expired
682,SAVE68230,Fixed Amount,179,139,649,18-02-2024,13-04-2024,Expired
683,SAVE68314,Percentage,13,205,639,29-05-2025,09-09-2025,Active
684,SAVE68464,Fixed Amount,391,223,139,11-02-2025,08-06-2025,Expired
685,SAVE68576,Fixed Amount,117,55,244,06-08-2024,12-09-2024,Expired
686,SAVE68641,Percentage,10,225,297,26-04-2025,12-07-2025,Expired
687,SAVE68758,Percentage,33,269,353,20-04-2025,20-05-2025,Active
688,SAVE68811,Percentage,10,244,491,31-10-2023,17-02-2024,Active
689,SAVE68922,Percentage,31,94,745,01-08-2025,11-11-2025,Expired
690,SAVE69062,Fixed Amount,274,,157,23-05-2023,30-08-2023,Expired
691,SAVE69145,Percentage,46,32,162,11-03-2026,04-04-2026,Expired
692,SAVE69211,Fixed Amount,219,285,615,12-05-2026,25-08-2026,Inactive
693,SAVE69349,Percentage,36,89,82,02-08-2024,28-09-2024,Inactive
694,SAVE69479,Fixed Amount,160,283,423,07-07-2024,10-09-2024,Active
695,SAVE69578,Fixed Amount,130,78,762,16-09-2024,08-12-2024,Active
696,SAVE69613,Fixed Amount,281,51,,29-10-2025,26-01-2026,Active
697,SAVE69726,Percentage,11,136,650,11-11-2024,01-02-2025,Inactive
698,SAVE69842,Percentage,27,,692,16-01-2026,19-03-2026,Active
699,SAVE69934,Fixed Amount,309,58,400,29-12-2023,20-01-2024,Active
700,SAVE70062,Fixed Amount,76,227,111,19-06-2025,12-08-2025,Inactive
701,SAVE70132,Percentage,46,167,351,21-10-2023,05-12-2023,Expired
702,SAVE70216,Fixed Amount,388,278,216,16-09-2025,06-10-2025,Inactive
703,SAVE70362,Fixed Amount,205,117,258,18-10-2024,26-12-2024,Active
704,SAVE70434,Percentage,16,266,116,28-05-2023,15-08-2023,Active
705,SAVE70556,Fixed Amount,255,84,679,20-01-2026,01-04-2026,Inactive
706,SAVE70680,Fixed Amount,370,118,555,18-08-2025,14-12-2025,Expired
707,SAVE70759,Percentage,25,65,822,16-01-2024,05-02-2024,Active
708,SAVE70891,Fixed Amount,337,156,142,19-06-2025,10-09-2025,Active
709,SAVE70985,Percentage,40,156,,21-06-2025,29-07-2025,Expired
710,SAVE71076,Percentage,34,92,503,10-02-2025,18-03-2025,Active
711,SAVE71149,Fixed Amount,235,297,555,14-10-2023,10-01-2024,Expired
712,SAVE71282,Percentage,8,174,807,22-05-2026,08-07-2026,Active
713,SAVE71385,Fixed Amount,268,241,290,10-05-2023,29-08-2023,Active
714,SAVE71448,Percentage,5,194,917,01-01-2025,12-04-2025,Expired
715,SAVE71568,Fixed Amount,499,,958,24-11-2023,25-02-2024,Active
716,SAVE71671,Fixed Amount,235,,280,14-11-2024,01-03-2025,Expired
717,SAVE71789,Fixed Amount,238,34,914,30-09-2025,11-12-2025,Expired
718,SAVE71827,Fixed Amount,379,256,78,21-03-2025,09-06-2025,Expired
719,SAVE71959,Fixed Amount,284,209,546,30-04-2025,19-05-2025,Expired
720,SAVE72089,Percentage,29,53,393,25-06-2025,26-09-2025,Expired
721,SAVE72169,Fixed Amount,477,255,725,31-05-2023,02-08-2023,Inactive
722,SAVE72251,Percentage,35,276,704,21-06-2024,08-09-2024,Active
723,SAVE72380,Percentage,18,172,,08-06-2023,23-06-2023,Active
724,SAVE72430,Percentage,28,72,492,14-04-2026,23-05-2026,Expired
725,SAVE72586,Fixed Amount,396,103,595,13-05-2023,26-08-2023,Expired
726,SAVE72646,Percentage,43,193,940,28-06-2025,09-08-2025,Expired
727,SAVE72711,Percentage,36,67,920,13-08-2023,21-11-2023,Inactive
728,SAVE72844,Fixed Amount,55,153,622,01-05-2024,25-06-2024,Active
729,SAVE72985,Percentage,40,76,503,22-12-2023,29-01-2024,Expired
730,SAVE73056,Fixed Amount,105,248,129,14-10-2025,15-11-2025,Active
731,SAVE73192,Percentage,30,240,,29-05-2023,27-06-2023,Active
732,SAVE73264,Fixed Amount,202,90,872,02-05-2024,25-06-2024,Inactive
733,SAVE73343,Fixed Amount,117,181,552,18-05-2026,18-07-2026,Active
734,SAVE73493,Fixed Amount,86,,458,15-10-2024,28-12-2024,Active
735,SAVE73579,Percentage,6,190,,17-12-2025,25-01-2026,Inactive
736,SAVE73626,Fixed Amount,191,282,180,11-09-2025,18-12-2025,Expired
737,SAVE73753,Fixed Amount,425,240,618,28-11-2023,10-01-2024,Inactive
738,SAVE73871,Fixed Amount,215,112,789,23-06-2023,26-08-2023,Active
739,SAVE73964,Percentage,42,33,51,28-08-2023,24-09-2023,Expired
740,SAVE74097,Percentage,44,252,810,24-06-2025,10-09-2025,Expired
741,SAVE74110,Fixed Amount,111,37,679,25-01-2025,26-04-2025,Expired
742,SAVE74230,Fixed Amount,175,,604,23-12-2024,12-04-2025,Expired
743,SAVE74364,Fixed Amount,268,264,682,19-08-2025,22-09-2025,Active
744,SAVE74452,Percentage,41,259,742,29-05-2026,06-09-2026,Active
745,SAVE74577,Fixed Amount,354,210,595,02-09-2023,03-11-2023,Expired
746,SAVE74655,Fixed Amount,492,139,736,08-09-2025,26-09-2025,Expired
747,SAVE74790,Percentage,46,237,536,03-05-2025,12-08-2025,Inactive
748,SAVE74848,Percentage,8,226,859,06-02-2025,09-05-2025,Active
749,SAVE74954,Percentage,30,205,174,11-06-2024,27-09-2024,Active
750,SAVE75069,Percentage,34,39,910,28-01-2024,19-03-2024,Active
751,SAVE75156,Percentage,13,,,11-11-2023,11-02-2024,Expired
752,SAVE75289,Percentage,14,214,231,10-03-2025,06-07-2025,Expired
753,SAVE75360,Fixed Amount,398,192,388,14-03-2024,07-07-2024,Active
754,SAVE75422,Percentage,40,270,587,03-10-2023,22-11-2023,Active
755,SAVE75575,Fixed Amount,141,158,607,12-10-2023,19-01-2024,Active
756,SAVE75628,Fixed Amount,401,41,971,27-02-2026,17-05-2026,Expired
757,SAVE75752,Fixed Amount,186,160,209,28-03-2023,13-04-2023,Active
758,SAVE75891,Fixed Amount,177,28,835,12-04-2023,27-04-2023,Active
759,SAVE75958,Percentage,39,,802,10-03-2023,30-06-2023,Inactive
760,SAVE76020,Percentage,24,98,960,28-02-2024,10-04-2024,Active
761,SAVE76161,Percentage,22,,819,05-03-2026,27-04-2026,Active
762,SAVE76221,Fixed Amount,182,68,266,07-12-2024,26-12-2024,Expired
763,SAVE76371,Fixed Amount,388,126,928,16-01-2024,09-04-2024,Active
764,SAVE76467,Percentage,34,52,,19-04-2025,25-07-2025,Expired
765,SAVE76596,Fixed Amount,316,267,154,11-11-2025,26-01-2026,Inactive
766,SAVE76655,Percentage,32,,485,07-01-2026,09-02-2026,Active
767,SAVE76738,Percentage,28,114,240,15-04-2026,20-07-2026,Active
768,SAVE76856,Percentage,27,207,781,20-11-2025,24-02-2026,Active
769,SAVE76977,Percentage,48,165,,23-12-2024,15-03-2025,Active
770,SAVE77083,Percentage,28,228,903,11-08-2024,16-11-2024,Active
771,SAVE77188,Percentage,8,48,726,28-01-2026,27-03-2026,Expired
772,SAVE77232,Fixed Amount,160,119,295,06-01-2026,01-04-2026,Active
773,SAVE77355,Fixed Amount,349,157,410,17-04-2025,14-08-2025,Active
774,SAVE77430,Fixed Amount,238,45,64,22-11-2023,10-02-2024,Active
775,SAVE77542,Fixed Amount,480,217,295,07-05-2025,09-08-2025,Active
776,SAVE77616,Percentage,25,246,595,30-07-2023,26-08-2023,Active
777,SAVE77715,Percentage,38,88,519,20-01-2023,06-05-2023,Expired
778,SAVE77859,Fixed Amount,173,22,911,02-05-2026,20-08-2026,Inactive
779,SAVE77957,Fixed Amount,308,87,50,26-12-2025,30-01-2026,Active
780,SAVE78074,Percentage,38,264,376,02-06-2025,21-09-2025,Active
781,SAVE78121,Percentage,24,289,998,15-03-2025,07-06-2025,Expired
782,SAVE78243,Fixed Amount,290,116,980,09-01-2024,12-04-2024,Expired
783,SAVE78322,Percentage,29,103,657,01-02-2025,05-04-2025,Active
784,SAVE78480,Percentage,17,187,404,03-06-2023,13-09-2023,Expired
785,SAVE78593,Fixed Amount,445,137,,19-05-2024,26-06-2024,Active
786,SAVE78674,Percentage,33,134,113,18-08-2023,09-12-2023,Expired
787,SAVE78752,Percentage,9,151,980,29-03-2025,26-04-2025,Active
788,SAVE78832,Fixed Amount,144,,,21-11-2024,26-12-2024,Active
789,SAVE78951,Percentage,20,267,919,29-08-2025,12-10-2025,Expired
790,SAVE79028,Percentage,26,287,852,15-02-2024,02-06-2024,Active
791,SAVE79147,Percentage,36,276,703,11-02-2025,04-04-2025,Inactive
792,SAVE79273,Fixed Amount,194,29,622,15-08-2024,11-09-2024,Expired
793,SAVE79346,Fixed Amount,250,199,424,25-01-2025,25-04-2025,Expired
794,SAVE79447,Percentage,16,141,897,17-05-2024,14-06-2024,Active
795,SAVE79569,Percentage,45,51,414,11-01-2024,27-03-2024,Inactive
796,SAVE79695,Fixed Amount,151,40,277,10-06-2025,19-08-2025,Active
797,SAVE79747,Percentage,15,221,819,12-10-2024,21-12-2024,Active
798,SAVE79897,Percentage,11,224,209,20-01-2025,10-02-2025,Expired
799,SAVE79939,Percentage,7,221,380,18-12-2023,09-04-2024,Expired
800,SAVE80093,Fixed Amount,51,176,,03-02-2023,03-03-2023,Active
801,SAVE80148,Fixed Amount,56,152,165,20-07-2025,27-08-2025,Expired
802,SAVE80225,Percentage,27,104,956,10-03-2024,07-06-2024,Expired
803,SAVE80328,Percentage,9,24,295,16-09-2025,09-01-2026,Active
804,SAVE80466,Percentage,46,222,,21-09-2024,09-12-2024,Expired
805,SAVE80514,Percentage,23,183,676,22-12-2024,19-01-2025,Expired
806,SAVE80698,Percentage,28,243,987,04-04-2025,06-06-2025,Expired
807,SAVE80783,Percentage,37,291,396,11-06-2024,19-07-2024,Active
808,SAVE80867,Percentage,47,113,671,01-11-2024,16-11-2024,Active
809,SAVE80948,Fixed Amount,103,268,204,30-07-2023,23-08-2023,Active
810,SAVE81068,Percentage,16,141,91,03-08-2024,22-11-2024,Expired
811,SAVE81163,Fixed Amount,347,147,276,26-10-2025,17-02-2026,Expired
812,SAVE81298,Fixed Amount,286,57,993,12-06-2025,05-10-2025,Inactive
813,SAVE81398,Fixed Amount,291,201,971,26-10-2024,20-12-2024,Active
814,SAVE81427,Fixed Amount,260,81,146,14-12-2025,19-03-2026,Active
815,SAVE81564,Percentage,38,165,235,20-06-2023,11-09-2023,Expired
816,SAVE81666,Fixed Amount,214,158,261,09-12-2025,09-02-2026,Expired
817,SAVE81761,Fixed Amount,492,71,454,27-02-2024,15-06-2024,Active
818,SAVE81888,Fixed Amount,278,137,273,28-09-2023,08-01-2024,Active
819,SAVE81946,Fixed Amount,179,21,165,24-05-2024,12-09-2024,Expired
820,SAVE82043,Percentage,21,74,730,24-05-2026,20-07-2026,Expired
821,SAVE82186,Percentage,18,146,220,08-03-2024,21-05-2024,Inactive
822,SAVE82225,Percentage,34,131,590,30-10-2024,16-02-2025,Active
823,SAVE82310,Percentage,33,265,88,18-02-2026,16-05-2026,Inactive
824,SAVE82461,Fixed Amount,449,128,221,23-11-2025,02-03-2026,Active
825,SAVE82553,Percentage,24,187,,14-07-2025,19-10-2025,Active
826,SAVE82694,Percentage,29,,,01-04-2023,10-06-2023,Active
827,SAVE82782,Percentage,16,226,806,18-04-2025,12-05-2025,Active
828,SAVE82828,Fixed Amount,429,244,602,17-11-2025,10-12-2025,Expired
829,SAVE82975,Fixed Amount,483,159,913,16-06-2023,01-08-2023,Active
830,SAVE83062,Fixed Amount,157,152,74,26-06-2024,03-10-2024,Active
831,SAVE83162,Fixed Amount,283,283,767,26-03-2026,28-06-2026,Active
832,SAVE83256,Fixed Amount,181,95,952,29-11-2024,12-02-2025,Active
833,SAVE83322,Percentage,21,253,295,19-04-2025,11-06-2025,Active
834,SAVE83457,Fixed Amount,127,249,652,07-05-2026,04-07-2026,Active
835,SAVE83594,Percentage,19,144,294,08-06-2025,14-08-2025,Expired
836,SAVE83663,Percentage,17,146,161,13-10-2024,05-02-2025,Inactive
837,SAVE83735,Fixed Amount,124,80,636,30-08-2025,16-12-2025,Active
838,SAVE83859,Fixed Amount,136,148,985,24-11-2023,17-01-2024,Inactive
839,SAVE83989,Percentage,13,162,594,21-02-2026,29-03-2026,Expired
840,SAVE84084,Fixed Amount,81,180,944,02-01-2023,02-02-2023,Active
841,SAVE84130,Percentage,29,151,941,05-03-2023,18-04-2023,Expired
842,SAVE84276,Percentage,21,38,958,11-11-2025,27-12-2025,Active
843,SAVE84356,Percentage,22,191,392,28-09-2023,03-01-2024,Expired
844,SAVE84462,Percentage,27,145,51,18-01-2024,19-03-2024,Active
845,SAVE84525,Percentage,38,141,,08-07-2023,21-10-2023,Expired
846,SAVE84677,Fixed Amount,56,175,344,14-01-2023,12-03-2023,Expired
847,SAVE84720,Fixed Amount,196,163,476,18-05-2023,20-08-2023,Expired
848,SAVE84838,Fixed Amount,174,,614,14-10-2024,17-12-2024,Active
849,SAVE84978,Fixed Amount,360,269,741,21-03-2025,10-07-2025,Expired
850,SAVE85048,Fixed Amount,465,84,302,01-12-2023,24-03-2024,Active
851,SAVE85159,Fixed Amount,89,287,417,20-03-2025,20-06-2025,Expired
852,SAVE85271,Fixed Amount,122,58,158,10-06-2023,06-10-2023,Active
853,SAVE85324,Fixed Amount,85,107,460,30-10-2024,03-01-2025,Expired
854,SAVE85437,Percentage,34,23,674,02-05-2023,05-08-2023,Inactive
855,SAVE85514,Fixed Amount,457,153,156,20-08-2025,23-10-2025,Active
856,SAVE85687,Fixed Amount,348,259,426,14-01-2024,01-03-2024,Active
857,SAVE85788,Percentage,7,184,321,26-09-2025,11-12-2025,Active
858,SAVE85844,Fixed Amount,361,245,538,20-06-2023,26-07-2023,Active
859,SAVE85987,Fixed Amount,197,176,281,21-06-2024,10-10-2024,Inactive
860,SAVE86038,Percentage,19,61,183,06-01-2023,17-02-2023,Active
861,SAVE86189,Percentage,40,211,438,20-03-2025,24-05-2025,Expired
862,SAVE86263,Percentage,20,106,921,07-03-2025,23-03-2025,Active
863,SAVE86340,Percentage,40,165,,13-04-2023,01-08-2023,Expired
864,SAVE86498,Percentage,29,190,146,04-12-2025,20-01-2026,Expired
865,SAVE86598,Fixed Amount,67,140,139,15-12-2023,21-01-2024,Active
866,SAVE86641,Fixed Amount,145,196,859,17-05-2026,27-07-2026,Expired
867,SAVE86744,Fixed Amount,69,101,116,31-08-2024,19-12-2024,Expired
868,SAVE86848,Fixed Amount,414,41,96,30-11-2024,22-12-2024,Active
869,SAVE86942,Fixed Amount,400,221,316,15-03-2026,13-05-2026,Active
870,SAVE87041,Fixed Amount,162,137,322,19-10-2023,11-12-2023,Active
871,SAVE87110,Fixed Amount,205,163,162,28-04-2026,14-06-2026,Active
872,SAVE87211,Fixed Amount,65,84,789,07-09-2023,23-11-2023,Inactive
873,SAVE87311,Percentage,23,270,,14-07-2023,11-10-2023,Active
874,SAVE87449,Percentage,18,126,596,15-11-2024,06-12-2024,Active
875,SAVE87566,Percentage,32,211,510,06-08-2025,15-11-2025,Expired
876,SAVE87632,Percentage,22,128,,29-03-2025,02-06-2025,Active
877,SAVE87765,Percentage,20,101,,07-05-2023,26-08-2023,Inactive
878,SAVE87877,Fixed Amount,103,150,,05-04-2023,13-06-2023,Inactive
879,SAVE87927,Percentage,49,80,612,28-02-2025,08-04-2025,Active
880,SAVE88059,Percentage,5,,369,10-03-2023,24-06-2023,Expired
881,SAVE88141,Percentage,23,84,,26-03-2023,03-07-2023,Expired
882,SAVE88217,Percentage,25,135,808,02-05-2025,10-06-2025,Expired
883,SAVE88322,Percentage,43,160,309,14-05-2023,08-07-2023,Active
884,SAVE88434,Fixed Amount,179,168,335,24-01-2024,29-03-2024,Active
885,SAVE88513,Fixed Amount,381,78,409,05-07-2023,26-08-2023,Expired
886,SAVE88689,Fixed Amount,433,,954,12-08-2024,04-12-2024,Expired
887,SAVE88752,Percentage,44,22,499,19-04-2025,08-07-2025,Expired
888,SAVE88880,Fixed Amount,340,23,577,31-01-2026,12-03-2026,Active
889,SAVE88911,Percentage,49,55,538,04-02-2026,14-04-2026,Active
890,SAVE89039,Percentage,31,130,703,21-06-2023,25-08-2023,Inactive
891,SAVE89141,Percentage,15,267,133,24-06-2025,17-10-2025,Expired
892,SAVE89226,Fixed Amount,438,202,366,28-12-2025,19-01-2026,Inactive
893,SAVE89373,Percentage,16,49,,27-05-2025,25-07-2025,Active
894,SAVE89479,Fixed Amount,382,24,643,13-07-2024,25-08-2024,Expired
895,SAVE89528,Fixed Amount,295,286,212,15-02-2023,06-06-2023,Active
896,SAVE89646,Percentage,33,218,918,13-03-2025,23-06-2025,Expired
897,SAVE89778,Fixed Amount,486,286,471,05-05-2025,10-07-2025,Active
898,SAVE89897,Fixed Amount,329,98,255,29-08-2025,25-09-2025,Active
899,SAVE89984,Fixed Amount,233,60,331,11-01-2023,09-04-2023,Active
900,SAVE90082,Fixed Amount,122,289,66,28-10-2025,22-01-2026,Expired
901,SAVE90188,Percentage,49,269,909,22-10-2025,30-01-2026,Active
902,SAVE90220,Percentage,31,199,520,18-04-2026,14-05-2026,Expired
903,SAVE90385,Percentage,37,197,705,26-12-2025,31-03-2026,Inactive
904,SAVE90489,Percentage,46,221,68,03-04-2025,23-05-2025,Expired
905,SAVE90567,Fixed Amount,300,58,456,09-12-2024,05-03-2025,Expired
906,SAVE90646,Fixed Amount,450,66,714,08-11-2025,08-02-2026,Active
907,SAVE90791,Fixed Amount,302,285,863,12-11-2023,18-12-2023,Active
908,SAVE90848,Percentage,32,44,,14-07-2023,04-08-2023,Active
909,SAVE90942,Fixed Amount,275,246,763,22-03-2024,23-05-2024,Active
910,SAVE91027,Fixed Amount,276,,793,19-02-2024,24-03-2024,Expired
911,SAVE91178,Fixed Amount,392,243,835,08-06-2023,29-09-2023,Inactive
912,SAVE91215,Fixed Amount,236,58,658,23-01-2026,19-03-2026,Active
913,SAVE91351,Percentage,17,132,819,15-08-2023,25-09-2023,Expired
914,SAVE91419,Fixed Amount,226,,288,15-03-2023,10-05-2023,Expired
915,SAVE91569,Percentage,36,25,408,31-07-2023,24-11-2023,Active
916,SAVE91636,Percentage,28,176,865,19-08-2023,27-10-2023,Active
917,SAVE91791,Percentage,24,,681,12-07-2025,28-09-2025,Active
918,SAVE91836,Percentage,18,157,524,10-04-2023,07-07-2023,Active
919,SAVE91922,Fixed Amount,77,182,133,31-01-2024,20-05-2024,Expired
920,SAVE92037,Percentage,37,193,993,07-06-2023,03-08-2023,Active
921,SAVE92150,Percentage,42,170,995,25-10-2025,26-01-2026,Expired
922,SAVE92255,Fixed Amount,322,143,690,05-01-2025,27-02-2025,Active
923,SAVE92374,Percentage,10,181,79,08-02-2024,04-06-2024,Active
924,SAVE92481,Fixed Amount,172,31,926,31-03-2025,21-04-2025,Active
925,SAVE92555,Percentage,24,46,794,18-12-2024,10-02-2025,Expired
926,SAVE92628,Fixed Amount,486,248,365,27-01-2023,19-05-2023,Expired
927,SAVE92735,Percentage,35,298,727,30-09-2025,05-11-2025,Active
928,SAVE92811,Fixed Amount,148,156,941,13-04-2024,09-06-2024,Active
929,SAVE92992,Percentage,25,276,223,29-02-2024,18-04-2024,Expired
930,SAVE93088,Percentage,49,298,894,06-03-2025,28-06-2025,Expired
931,SAVE93195,Percentage,38,133,605,17-06-2024,30-09-2024,Inactive
932,SAVE93275,Fixed Amount,452,85,928,23-08-2024,13-10-2024,Expired
933,SAVE93345,Percentage,35,95,908,19-10-2025,30-01-2026,Expired
934,SAVE93476,Percentage,45,126,554,02-05-2023,26-08-2023,Expired
935,SAVE93511,Percentage,26,106,677,15-11-2023,17-02-2024,Active
936,SAVE93633,Percentage,20,61,926,10-03-2025,24-05-2025,Active
937,SAVE93731,Percentage,12,295,230,08-06-2024,03-08-2024,Active
938,SAVE93869,Percentage,7,182,464,25-11-2024,15-01-2025,Expired
939,SAVE93955,Fixed Amount,381,285,978,01-03-2025,06-05-2025,Inactive
940,SAVE94066,Percentage,49,226,277,01-09-2023,22-12-2023,Active
941,SAVE94116,Fixed Amount,407,236,407,30-07-2025,01-10-2025,Expired
942,SAVE94247,Percentage,22,39,345,28-02-2025,15-05-2025,Active
943,SAVE94390,Fixed Amount,103,240,809,19-11-2025,13-02-2026,Active
944,SAVE94444,Fixed Amount,323,175,524,11-04-2026,07-05-2026,Active
945,SAVE94530,Percentage,11,182,681,30-08-2024,14-11-2024,Active
946,SAVE94621,Percentage,15,213,174,19-08-2025,16-09-2025,Expired
947,SAVE94761,Percentage,14,40,983,11-08-2023,03-11-2023,Expired
948,SAVE94867,Percentage,22,127,608,08-05-2023,15-08-2023,Active
949,SAVE94948,Fixed Amount,310,94,182,12-02-2025,20-04-2025,Active
950,SAVE95023,Percentage,13,46,888,12-08-2023,05-09-2023,Expired
951,SAVE95124,Percentage,26,,614,30-07-2025,04-11-2025,Active
952,SAVE95224,Percentage,30,248,,22-11-2024,28-01-2025,Expired
953,SAVE95387,Percentage,7,21,177,03-11-2023,30-11-2023,Expired
954,SAVE95446,Percentage,13,214,204,27-09-2024,16-11-2024,Expired
955,SAVE95526,Fixed Amount,461,114,945,18-04-2023,12-07-2023,Active
956,SAVE95648,Percentage,31,211,856,13-06-2023,11-08-2023,Inactive
957,SAVE95789,Percentage,20,282,866,15-02-2026,02-05-2026,Expired
958,SAVE95870,Percentage,8,60,52,17-07-2025,27-08-2025,Active
959,SAVE95956,Percentage,13,,980,15-03-2024,05-05-2024,Active
960,SAVE96084,Fixed Amount,273,243,860,19-10-2023,09-12-2023,Active
961,SAVE96151,Percentage,33,147,258,25-01-2023,21-03-2023,Inactive
962,SAVE96250,Fixed Amount,431,51,593,01-11-2023,28-11-2023,Expired
963,SAVE96365,Percentage,26,25,417,09-04-2026,28-07-2026,Active
964,SAVE96490,Fixed Amount,345,211,869,10-04-2026,02-06-2026,Active
965,SAVE96531,Fixed Amount,101,33,646,02-06-2025,06-07-2025,Expired
966,SAVE96691,Fixed Amount,455,154,376,03-03-2024,02-05-2024,Active
967,SAVE96739,Fixed Amount,335,,70,05-05-2026,24-08-2026,Active
968,SAVE96860,Percentage,24,47,382,16-02-2025,18-03-2025,Expired
969,SAVE96976,Fixed Amount,469,262,67,04-02-2024,24-04-2024,Active
970,SAVE97085,Percentage,32,139,230,13-04-2024,04-05-2024,Active
971,SAVE97164,Percentage,24,,531,25-01-2024,18-02-2024,Inactive
972,SAVE97240,Percentage,7,64,531,06-02-2026,31-03-2026,Inactive
973,SAVE97310,Percentage,45,,806,09-05-2026,10-06-2026,Active
974,SAVE97470,Fixed Amount,88,109,650,07-12-2024,27-12-2024,Active
975,SAVE97573,Percentage,11,41,259,21-02-2024,31-05-2024,Expired
976,SAVE97636,Fixed Amount,440,229,267,13-08-2024,04-10-2024,Expired
977,SAVE97763,Percentage,5,144,698,15-02-2025,03-06-2025,Inactive
978,SAVE97881,Percentage,18,246,602,02-09-2025,24-11-2025,Inactive
979,SAVE97922,Percentage,15,194,551,01-04-2025,02-07-2025,Expired
980,SAVE98045,Fixed Amount,175,130,631,25-12-2023,15-01-2024,Active
981,SAVE98179,Percentage,5,241,556,30-08-2025,05-10-2025,Active
982,SAVE98258,Percentage,47,113,248,26-04-2024,11-05-2024,Inactive
983,SAVE98352,Percentage,27,292,864,19-09-2025,17-12-2025,Inactive
984,SAVE98455,Percentage,11,161,,03-06-2025,30-06-2025,Active
985,SAVE98587,Percentage,48,145,310,03-06-2025,24-06-2025,Active
986,SAVE98663,Fixed Amount,347,111,112,11-07-2025,25-08-2025,Active
987,SAVE98767,Percentage,7,161,,24-09-2025,26-12-2025,Active
988,SAVE98840,Percentage,47,79,489,15-06-2025,24-09-2025,Expired
989,SAVE98963,Fixed Amount,376,291,329,07-05-2025,25-08-2025,Active
990,SAVE99092,Percentage,44,289,168,24-03-2025,20-05-2025,Active
991,SAVE99125,Percentage,34,71,853,15-02-2025,22-05-2025,Active
992,SAVE99219,Percentage,23,,300,26-12-2024,06-04-2025,Active
993,SAVE99353,Fixed Amount,359,280,607,28-12-2024,23-01-2025,Active
994,SAVE99484,Percentage,8,129,715,11-12-2024,06-03-2025,Expired
995,SAVE99544,Fixed Amount,483,224,195,18-11-2024,23-02-2025,Expired
996,SAVE99684,Fixed Amount,356,40,,08-01-2023,10-03-2023,Active
997,SAVE99714,Percentage,48,196,,23-02-2024,17-05-2024,Active
998,SAVE99858,Percentage,7,131,678,04-02-2023,07-04-2023,Active
999,SAVE99924,Fixed Amount,333,129,,29-01-2024,23-02-2024,Expired
1000,SAVE100028,Percentage,24,177,363,28-06-2024,28-08-2024,Active
1001,SAVE100119,Percentage,29,,577,04-06-2025,06-07-2025,Active
1002,SAVE100280,Percentage,19,71,334,05-06-2023,26-09-2023,Expired
1003,SAVE100355,Percentage,12,263,570,24-08-2025,03-11-2025,Active
1004,SAVE100446,Percentage,48,138,391,01-07-2024,15-08-2024,Inactive
1005,SAVE100560,Fixed Amount,274,94,189,16-09-2023,23-12-2023,Expired
1006,SAVE100664,Fixed Amount,227,81,500,18-05-2024,17-06-2024,Expired
1007,SAVE100780,Fixed Amount,322,,601,16-06-2025,07-07-2025,Active
1008,SAVE100825,Fixed Amount,61,80,597,08-01-2023,26-01-2023,Active
1009,SAVE100933,Fixed Amount,155,104,917,29-10-2024,25-02-2025,Inactive
1010,SAVE101080,Fixed Amount,340,207,430,16-05-2024,18-07-2024,Active
1011,SAVE101167,Fixed Amount,481,163,116,17-04-2024,11-08-2024,Active
1012,SAVE101262,Fixed Amount,83,129,141,06-02-2023,25-04-2023,Active
1013,SAVE101365,Fixed Amount,106,,202,17-10-2023,19-12-2023,Inactive
1014,SAVE101463,Fixed Amount,130,22,411,01-08-2024,31-08-2024,Active
1015,SAVE101568,Fixed Amount,439,,271,20-03-2026,08-06-2026,Active
1016,SAVE101617,Percentage,7,157,617,25-04-2026,23-05-2026,Active
1017,SAVE101768,Fixed Amount,303,175,645,28-08-2024,05-10-2024,Active
1018,SAVE101855,Percentage,27,54,533,30-01-2025,07-04-2025,Active
1019,SAVE101963,Fixed Amount,101,280,442,11-03-2024,04-06-2024,Active
1020,SAVE102024,Percentage,20,229,653,30-05-2025,28-07-2025,Active
1021,SAVE102130,Fixed Amount,96,213,177,17-04-2026,12-05-2026,Expired
1022,SAVE102298,Fixed Amount,75,237,220,08-06-2025,29-09-2025,Expired
1023,SAVE102343,Fixed Amount,464,198,349,05-11-2024,24-01-2025,Active
1024,SAVE102463,Fixed Amount,285,119,967,05-03-2024,25-03-2024,Expired
1025,SAVE102520,Percentage,35,31,738,05-06-2024,24-08-2024,Inactive
1026,SAVE102622,Fixed Amount,317,145,72,07-11-2025,03-02-2026,Expired
1027,SAVE102711,Fixed Amount,299,177,551,19-09-2024,11-10-2024,Active
1028,SAVE102829,Fixed Amount,338,25,688,24-03-2026,18-05-2026,Inactive
1029,SAVE102974,Percentage,10,270,911,13-02-2025,08-03-2025,Expired
1030,SAVE103067,Fixed Amount,477,66,656,07-02-2023,31-03-2023,Active
1031,SAVE103172,Fixed Amount,471,133,995,04-12-2023,28-01-2024,Expired
1032,SAVE103286,Fixed Amount,275,94,158,27-11-2023,16-01-2024,Expired
1033,SAVE103312,Fixed Amount,483,,131,01-05-2025,06-06-2025,Active
1034,SAVE103492,Percentage,29,201,953,16-09-2025,02-11-2025,Active
1035,SAVE103514,Percentage,48,160,,24-05-2026,15-07-2026,Active
1036,SAVE103621,Fixed Amount,135,227,737,20-08-2023,16-12-2023,Expired
1037,SAVE103779,Fixed Amount,447,170,768,12-01-2026,09-03-2026,Expired
1038,SAVE103813,Fixed Amount,218,177,257,23-04-2024,21-05-2024,Active
1039,SAVE103927,Fixed Amount,291,242,438,04-09-2025,24-09-2025,Expired
1040,SAVE104089,Fixed Amount,347,136,93,16-07-2025,28-08-2025,Active
1041,SAVE104112,Percentage,23,250,770,11-09-2024,29-09-2024,Expired
1042,SAVE104289,Fixed Amount,391,144,304,03-06-2024,22-07-2024,Active
1043,SAVE104359,Fixed Amount,237,,378,08-05-2024,05-08-2024,Active
1044,SAVE104467,Percentage,22,285,311,11-05-2026,13-08-2026,Active
1045,SAVE104536,Percentage,39,181,,30-11-2023,06-03-2024,Active
1046,SAVE104665,Fixed Amount,206,46,263,05-05-2025,07-06-2025,Expired
1047,SAVE104752,Fixed Amount,146,,800,07-01-2024,17-04-2024,Active
1048,SAVE104848,Fixed Amount,366,36,454,01-01-2026,25-02-2026,Active
1049,SAVE104938,Percentage,23,,877,29-07-2023,09-11-2023,Expired
1050,SAVE105047,Percentage,6,284,919,28-01-2025,13-02-2025,Expired
1051,SAVE105194,Fixed Amount,361,296,203,17-05-2024,08-08-2024,Expired
1052,SAVE105231,Fixed Amount,408,,884,01-02-2025,29-04-2025,Active
1053,SAVE105314,Percentage,31,,941,20-12-2024,26-03-2025,Active
1054,SAVE105479,Percentage,10,159,296,05-05-2023,16-06-2023,Active
1055,SAVE105556,Percentage,27,31,236,23-03-2023,08-06-2023,Expired
1056,SAVE105628,Percentage,44,122,266,08-03-2026,01-05-2026,Inactive
1057,SAVE105765,Fixed Amount,357,65,161,18-09-2024,16-10-2024,Active
1058,SAVE105841,Percentage,9,157,709,18-02-2025,01-06-2025,Active
1059,SAVE105916,Percentage,35,,393,09-03-2026,10-05-2026,Active
1060,SAVE106044,Percentage,19,69,473,07-11-2024,28-12-2024,Inactive
1061,SAVE106131,Percentage,5,,411,27-08-2025,24-10-2025,Expired
1062,SAVE106289,Percentage,31,262,919,21-06-2024,25-07-2024,Active
1063,SAVE106365,Fixed Amount,268,290,297,09-03-2024,13-06-2024,Active
1064,SAVE106426,Percentage,14,167,,24-04-2023,19-08-2023,Active
1065,SAVE106520,Fixed Amount,415,98,661,24-11-2025,13-12-2025,Expired
1066,SAVE106652,Percentage,14,268,629,16-12-2025,13-01-2026,Active
1067,SAVE106780,Percentage,45,222,770,22-07-2023,07-08-2023,Active
1068,SAVE106888,Percentage,18,256,763,02-06-2023,15-07-2023,Expired
1069,SAVE106968,Fixed Amount,459,167,576,30-12-2023,18-03-2024,Expired
1070,SAVE107041,Percentage,14,111,664,27-05-2023,02-07-2023,Active
1071,SAVE107170,Fixed Amount,241,298,881,18-05-2025,10-07-2025,Expired
1072,SAVE107231,Percentage,38,82,89,17-03-2024,28-06-2024,Active
1073,SAVE107364,Percentage,48,131,75,11-04-2025,12-05-2025,Expired
1074,SAVE107494,Percentage,24,234,133,10-03-2026,01-07-2026,Inactive
1075,SAVE107575,Percentage,7,202,870,27-03-2026,09-06-2026,Active
1076,SAVE107689,Percentage,27,178,729,02-05-2023,09-07-2023,Active
1077,SAVE107770,Percentage,21,186,724,25-11-2023,27-12-2023,Expired
1078,SAVE107878,Percentage,22,251,432,21-10-2023,14-12-2023,Expired
1079,SAVE107933,Percentage,20,268,136,20-07-2023,12-11-2023,Active
1080,SAVE108037,Percentage,42,98,727,29-06-2023,08-08-2023,Expired
1081,SAVE108112,Fixed Amount,227,268,647,11-06-2023,29-06-2023,Active
1082,SAVE108239,Percentage,22,115,207,28-04-2026,30-06-2026,Active
1083,SAVE108343,Fixed Amount,175,170,,11-02-2026,30-04-2026,Expired
1084,SAVE108471,Percentage,38,155,,14-05-2025,22-06-2025,Inactive
1085,SAVE108555,Percentage,33,291,359,20-10-2023,28-01-2024,Active
1086,SAVE108647,Fixed Amount,466,97,540,27-07-2025,04-10-2025,Expired
1087,SAVE108749,Percentage,23,47,741,14-11-2023,22-01-2024,Expired
1088,SAVE108814,Fixed Amount,59,,930,12-12-2024,07-02-2025,Inactive
1089,SAVE108951,Percentage,18,193,253,24-04-2023,05-08-2023,Expired
1090,SAVE109012,Fixed Amount,86,71,424,01-06-2023,11-09-2023,Active
1091,SAVE109149,Percentage,17,,76,06-10-2023,06-01-2024,Expired
1092,SAVE109266,Percentage,48,23,391,08-03-2023,14-04-2023,Expired
1093,SAVE109356,Fixed Amount,326,236,225,04-12-2025,17-02-2026,Active
1094,SAVE109438,Percentage,36,217,635,02-03-2025,15-06-2025,Active
1095,SAVE109522,Fixed Amount,491,186,680,15-03-2023,24-04-2023,Active
1096,SAVE109686,Percentage,24,44,846,01-02-2026,09-04-2026,Expired
1097,SAVE109770,Percentage,24,,766,14-12-2025,12-04-2026,Active
1098,SAVE109825,Percentage,23,247,973,15-12-2025,16-02-2026,Active
1099,SAVE109982,Fixed Amount,78,241,,12-02-2025,31-03-2025,Inactive
1100,SAVE110038,Fixed Amount,252,86,817,31-03-2026,30-05-2026,Active
1101,SAVE110178,Fixed Amount,270,210,692,04-08-2024,25-09-2024,Expired
1102,SAVE110283,Fixed Amount,350,213,656,09-07-2023,30-09-2023,Inactive
1103,SAVE110362,Percentage,27,138,933,31-08-2023,02-10-2023,Active
1104,SAVE110495,Fixed Amount,186,144,928,06-10-2025,09-12-2025,Active
1105,SAVE110566,Fixed Amount,294,34,248,18-01-2025,22-04-2025,Active
1106,SAVE110639,Percentage,23,131,127,18-07-2024,28-09-2024,Expired
1107,SAVE110775,Percentage,47,96,,20-08-2023,03-12-2023,Active
1108,SAVE110871,Percentage,7,134,830,20-04-2025,19-06-2025,Active
1109,SAVE110992,Percentage,40,286,683,06-03-2025,30-04-2025,Active
1110,SAVE111094,Fixed Amount,221,107,286,29-06-2023,09-09-2023,Expired
1111,SAVE111174,Fixed Amount,311,231,937,09-09-2023,04-12-2023,Active
1112,SAVE111285,Fixed Amount,480,82,,14-02-2023,15-04-2023,Active
1113,SAVE111315,Fixed Amount,360,182,938,20-04-2026,06-06-2026,Expired
1114,SAVE111429,Fixed Amount,271,95,141,10-09-2024,13-11-2024,Active
1115,SAVE111581,Fixed Amount,204,,555,12-07-2024,14-09-2024,Inactive
1116,SAVE111644,Fixed Amount,477,125,591,29-03-2023,22-06-2023,Expired
1117,SAVE111757,Percentage,40,,75,28-12-2023,15-01-2024,Active
1118,SAVE111896,Fixed Amount,50,92,903,04-02-2023,22-03-2023,Expired
1119,SAVE111979,Fixed Amount,361,31,781,14-01-2024,20-02-2024,Active
1120,SAVE112049,Percentage,8,249,601,12-01-2026,08-02-2026,Active
1121,SAVE112193,Percentage,25,152,615,26-07-2025,12-11-2025,Expired
1122,SAVE112252,Percentage,28,116,193,24-06-2023,11-09-2023,Active
1123,SAVE112357,Fixed Amount,225,202,470,05-06-2025,21-09-2025,Active
1124,SAVE112427,Percentage,39,153,267,23-02-2025,27-05-2025,Expired
1125,SAVE112577,Fixed Amount,472,86,177,24-05-2023,14-06-2023,Expired
1126,SAVE112618,Percentage,27,265,926,03-01-2026,26-03-2026,Inactive
1127,SAVE112720,Percentage,20,248,730,17-02-2023,21-04-2023,Active
1128,SAVE112885,Fixed Amount,83,161,642,21-11-2025,22-01-2026,Expired
1129,SAVE112947,Fixed Amount,455,141,543,28-08-2023,30-09-2023,Expired
1130,SAVE113032,Fixed Amount,460,,625,16-01-2026,24-02-2026,Expired
1131,SAVE113170,Percentage,28,137,765,24-02-2026,12-03-2026,Expired
1132,SAVE113216,Percentage,40,52,481,21-12-2024,03-02-2025,Expired
1133,SAVE113322,Percentage,14,232,827,17-01-2025,03-04-2025,Active
1134,SAVE113489,Fixed Amount,300,173,261,08-05-2023,20-06-2023,Active
1135,SAVE113519,Percentage,5,182,,06-02-2025,09-03-2025,Expired
1136,SAVE113628,Fixed Amount,155,254,,31-03-2023,21-04-2023,Expired
1137,SAVE113711,Percentage,5,240,946,20-05-2026,21-06-2026,Active
1138,SAVE113876,Percentage,10,179,714,13-01-2023,17-02-2023,Expired
1139,SAVE113967,Fixed Amount,142,127,946,30-07-2023,17-10-2023,Inactive
1140,SAVE114095,Fixed Amount,365,162,168,09-01-2025,29-03-2025,Expired
1141,SAVE114169,Fixed Amount,98,,382,16-03-2023,12-04-2023,Active
1142,SAVE114284,Fixed Amount,218,285,55,14-09-2023,25-11-2023,Expired
1143,SAVE114361,Percentage,27,43,396,11-05-2025,10-08-2025,Active
1144,SAVE114490,Percentage,42,,,04-07-2025,07-08-2025,Expired
1145,SAVE114519,Percentage,34,35,834,01-12-2023,03-01-2024,Expired
1146,SAVE114640,Percentage,12,20,973,31-01-2026,20-02-2026,Active
1147,SAVE114725,Fixed Amount,413,120,814,07-08-2025,08-11-2025,Active
1148,SAVE114884,Fixed Amount,435,32,892,29-04-2024,16-06-2024,Active
1149,SAVE114973,Percentage,32,50,,19-01-2026,11-02-2026,Expired
1150,SAVE115092,Percentage,10,238,745,12-10-2023,03-11-2023,Active
1151,SAVE115189,Percentage,21,285,357,28-04-2024,14-05-2024,Inactive
1152,SAVE115241,Fixed Amount,245,37,731,10-04-2026,25-07-2026,Active
1153,SAVE115321,Fixed Amount,217,217,247,05-12-2025,02-04-2026,Expired
1154,SAVE115471,Fixed Amount,160,290,183,08-04-2024,13-05-2024,Expired
1155,SAVE115536,Fixed Amount,171,182,,01-10-2023,18-01-2024,Active
1156,SAVE115661,Percentage,20,277,98,28-07-2023,21-10-2023,Active
1157,SAVE115714,Percentage,43,284,807,03-02-2026,15-04-2026,Expired
1158,SAVE115859,Percentage,48,39,574,08-02-2023,12-05-2023,Active
1159,SAVE115979,Fixed Amount,308,134,928,17-03-2026,07-04-2026,Inactive
1160,SAVE116037,Fixed Amount,474,174,,30-09-2025,02-12-2025,Expired
1161,SAVE116184,Fixed Amount,220,,115,17-02-2023,13-06-2023,Inactive
1162,SAVE116278,Fixed Amount,307,77,849,16-06-2023,04-10-2023,Inactive
1163,SAVE116312,Percentage,43,186,970,19-11-2025,02-03-2026,Active
1164,SAVE116445,Percentage,37,198,273,20-08-2023,05-11-2023,Inactive
1165,SAVE116545,Percentage,27,60,230,26-03-2026,08-05-2026,Active
1166,SAVE116644,Percentage,47,206,808,22-01-2025,07-04-2025,Active
1167,SAVE116793,Fixed Amount,255,,120,07-05-2025,21-06-2025,Expired
1168,SAVE116826,Fixed Amount,56,276,475,26-09-2024,17-11-2024,Inactive
1169,SAVE116965,Fixed Amount,142,,701,03-03-2025,18-05-2025,Expired
1170,SAVE117053,Percentage,41,277,761,14-07-2023,03-10-2023,Active
1171,SAVE117166,Fixed Amount,344,,996,17-08-2025,10-10-2025,Active
1172,SAVE117242,Fixed Amount,410,59,837,09-04-2023,19-06-2023,Expired
1173,SAVE117394,Fixed Amount,438,91,924,31-05-2023,19-06-2023,Inactive
1174,SAVE117498,Percentage,21,287,786,17-03-2025,02-06-2025,Expired
1175,SAVE117561,Fixed Amount,362,212,,20-01-2023,26-03-2023,Expired
1176,SAVE117682,Percentage,40,75,556,17-10-2025,21-12-2025,Expired
1177,SAVE117764,Fixed Amount,111,,818,11-03-2024,29-05-2024,Active
1178,SAVE117854,Fixed Amount,301,197,586,29-07-2023,27-08-2023,Active
1179,SAVE117987,Fixed Amount,255,285,710,29-04-2026,24-05-2026,Inactive
1180,SAVE118035,Fixed Amount,154,153,736,28-09-2023,31-10-2023,Expired
1181,SAVE118159,Percentage,8,172,809,13-01-2026,15-03-2026,Expired
1182,SAVE118243,Percentage,33,283,387,22-09-2023,21-12-2023,Active
1183,SAVE118377,Percentage,19,260,461,13-02-2025,30-03-2025,Expired
1184,SAVE118492,Fixed Amount,432,128,,19-09-2023,27-10-2023,Expired
1185,SAVE118574,Percentage,24,114,822,20-03-2023,25-04-2023,Expired
1186,SAVE118661,Percentage,42,239,435,22-08-2023,13-11-2023,Expired
1187,SAVE118758,Percentage,31,55,820,23-05-2024,07-07-2024,Inactive
1188,SAVE118850,Fixed Amount,117,204,785,12-08-2023,12-11-2023,Expired
1189,SAVE118928,Fixed Amount,216,,,20-07-2023,12-09-2023,Active
1190,SAVE119034,Fixed Amount,491,143,705,16-12-2023,22-01-2024,Expired
1191,SAVE119157,Percentage,18,173,851,05-05-2025,29-08-2025,Expired
1192,SAVE119247,Percentage,15,210,621,22-03-2026,04-05-2026,Active
1193,SAVE119349,Percentage,40,33,692,10-11-2024,20-02-2025,Expired
1194,SAVE119475,Fixed Amount,355,253,515,13-04-2024,06-08-2024,Active
1195,SAVE119580,Fixed Amount,327,129,556,22-05-2023,26-08-2023,Active
1196,SAVE119691,Fixed Amount,71,265,737,16-02-2026,13-06-2026,Active
1197,SAVE119751,Fixed Amount,343,138,999,07-11-2023,31-01-2024,Expired
1198,SAVE119852,Percentage,34,180,,09-12-2025,03-04-2026,Expired
1199,SAVE119993,Percentage,30,190,360,24-10-2023,06-02-2024,Active
1200,SAVE120050,Percentage,26,31,789,06-05-2026,10-06-2026,Expired
1201,SAVE120141,Fixed Amount,98,106,210,20-01-2025,06-02-2025,Active
1202,SAVE120229,Fixed Amount,316,269,160,11-11-2023,25-01-2024,Active
1203,SAVE120337,Fixed Amount,327,84,906,07-07-2025,03-10-2025,Expired
1204,SAVE120424,Fixed Amount,440,234,184,07-05-2026,06-06-2026,Active
1205,SAVE120590,Percentage,38,69,666,14-05-2026,28-07-2026,Expired
1206,SAVE120683,Fixed Amount,286,234,517,13-01-2025,11-03-2025,Active
1207,SAVE120746,Percentage,17,220,650,19-04-2025,28-07-2025,Active
1208,SAVE120831,Percentage,48,118,953,10-10-2023,31-01-2024,Active
1209,SAVE120930,Percentage,25,286,695,08-11-2023,07-01-2024,Expired
1210,SAVE121074,Percentage,44,51,731,20-11-2023,26-02-2024,Expired
1211,SAVE121120,Fixed Amount,399,179,406,24-02-2025,20-04-2025,Active
1212,SAVE121293,Percentage,9,237,446,02-12-2025,03-03-2026,Active
1213,SAVE121328,Fixed Amount,135,293,570,27-08-2025,23-09-2025,Inactive
1214,SAVE121416,Percentage,38,215,179,10-10-2024,21-01-2025,Expired
1215,SAVE121539,Percentage,41,254,286,27-12-2023,07-04-2024,Inactive
1216,SAVE121673,Fixed Amount,469,,976,28-10-2024,18-11-2024,Inactive
1217,SAVE121787,Fixed Amount,271,,401,13-11-2024,29-01-2025,Active
1218,SAVE121852,Fixed Amount,480,190,906,21-03-2025,21-06-2025,Expired
1219,SAVE121936,Fixed Amount,307,56,665,05-09-2023,30-11-2023,Expired
1220,SAVE122014,Percentage,35,281,660,15-08-2025,06-11-2025,Active
1221,SAVE122120,Fixed Amount,65,136,165,14-08-2023,01-10-2023,Active
1222,SAVE122242,Fixed Amount,295,25,388,18-04-2025,04-07-2025,Active
1223,SAVE122361,Percentage,19,176,242,06-03-2023,08-06-2023,Expired
1224,SAVE122469,Percentage,30,,825,23-08-2023,04-12-2023,Active
1225,SAVE122572,Percentage,48,,338,16-05-2025,19-07-2025,Active
1226,SAVE122636,Percentage,35,160,,24-03-2023,08-07-2023,Active
1227,SAVE122719,Percentage,37,174,,26-11-2025,29-12-2025,Active
1228,SAVE122884,Fixed Amount,112,82,216,18-01-2026,08-02-2026,Expired
1229,SAVE122914,Percentage,29,120,102,18-02-2026,14-03-2026,Active
1230,SAVE123066,Fixed Amount,478,285,60,13-12-2023,18-02-2024,Active
1231,SAVE123194,Fixed Amount,305,177,736,28-01-2023,26-04-2023,Expired
1232,SAVE123282,Fixed Amount,113,254,802,18-05-2024,05-07-2024,Inactive
1233,SAVE123315,Percentage,23,24,387,20-03-2025,29-05-2025,Active
1234,SAVE123481,Percentage,44,116,123,25-01-2025,17-02-2025,Active
1235,SAVE123590,Percentage,35,187,433,14-11-2024,09-01-2025,Active
1236,SAVE123648,Fixed Amount,179,172,,30-05-2026,19-08-2026,Expired
1237,SAVE123769,Fixed Amount,251,37,744,27-01-2025,15-02-2025,Expired
1238,SAVE123832,Fixed Amount,400,222,179,27-07-2025,20-08-2025,Expired
1239,SAVE123983,Percentage,49,206,298,08-09-2025,03-12-2025,Inactive
1240,SAVE124017,Percentage,6,177,516,28-02-2023,18-03-2023,Expired
1241,SAVE124189,Percentage,24,142,875,30-08-2025,10-12-2025,Expired
1242,SAVE124233,Percentage,5,284,871,06-10-2023,16-11-2023,Expired
1243,SAVE124343,Fixed Amount,268,288,306,10-05-2023,17-07-2023,Active
1244,SAVE124464,Fixed Amount,84,48,704,28-05-2025,08-07-2025,Active
1245,SAVE124525,Fixed Amount,496,268,171,15-09-2024,08-10-2024,Active
1246,SAVE124656,Fixed Amount,438,245,934,17-05-2025,21-08-2025,Inactive
1247,SAVE124711,Percentage,23,44,673,16-02-2024,20-04-2024,Inactive
1248,SAVE124896,Fixed Amount,382,201,382,08-08-2024,09-11-2024,Active
1249,SAVE124915,Fixed Amount,79,298,179,16-09-2023,11-11-2023,Inactive
1250,SAVE125082,Fixed Amount,400,,136,13-12-2023,18-03-2024,Inactive
1251,SAVE125177,Fixed Amount,429,248,303,30-04-2024,18-06-2024,Active
1252,SAVE125290,Percentage,23,,235,14-10-2025,04-02-2026,Expired
1253,SAVE125314,Percentage,30,35,907,03-02-2025,12-04-2025,Active
1254,SAVE125461,Fixed Amount,114,237,247,27-07-2023,14-09-2023,Inactive
1255,SAVE125516,Fixed Amount,392,262,680,06-02-2026,20-05-2026,Active
1256,SAVE125639,Percentage,42,103,626,03-01-2023,22-04-2023,Active
1257,SAVE125766,Fixed Amount,476,39,756,01-01-2024,19-04-2024,Expired
1258,SAVE125842,Fixed Amount,476,246,473,10-04-2023,10-05-2023,Expired
1259,SAVE125961,Percentage,26,49,804,02-01-2024,05-04-2024,Inactive
1260,SAVE126026,Percentage,26,83,432,23-04-2026,19-07-2026,Inactive
1261,SAVE126128,Fixed Amount,287,25,918,03-12-2025,22-02-2026,Active
1262,SAVE126221,Fixed Amount,111,,888,10-04-2025,05-06-2025,Active
1263,SAVE126311,Fixed Amount,133,132,823,08-09-2024,14-10-2024,Active
1264,SAVE126467,Fixed Amount,214,26,295,08-04-2023,14-07-2023,Active
1265,SAVE126570,Percentage,13,,560,23-02-2024,04-05-2024,Expired
1266,SAVE126666,Percentage,15,207,376,30-05-2025,06-09-2025,Active
1267,SAVE126734,Percentage,49,143,206,08-10-2025,17-01-2026,Active
1268,SAVE126865,Percentage,43,190,663,13-07-2023,31-10-2023,Inactive
1269,SAVE126989,Fixed Amount,229,196,66,21-07-2025,22-09-2025,Expired
1270,SAVE127054,Fixed Amount,340,89,637,23-01-2025,09-04-2025,Active
1271,SAVE127125,Percentage,27,115,742,05-04-2024,10-06-2024,Inactive
1272,SAVE127252,Fixed Amount,385,102,228,12-05-2026,16-06-2026,Active
1273,SAVE127366,Percentage,42,,484,25-08-2025,16-11-2025,Active
1274,SAVE127461,Percentage,12,129,194,26-01-2024,18-02-2024,Active
1275,SAVE127533,Percentage,21,148,737,11-03-2025,13-05-2025,Active
1276,SAVE127634,Percentage,8,248,,01-04-2024,22-05-2024,Inactive
1277,SAVE127730,Fixed Amount,91,46,130,31-07-2024,24-08-2024,Expired
1278,SAVE127872,Fixed Amount,219,231,210,10-10-2024,05-02-2025,Active
1279,SAVE127949,Percentage,5,35,690,16-07-2024,10-08-2024,Inactive
1280,SAVE128040,Fixed Amount,311,62,363,07-02-2026,07-03-2026,Inactive
1281,SAVE128144,Fixed Amount,114,264,359,20-12-2023,16-03-2024,Expired
1282,SAVE128251,Percentage,35,,840,29-05-2026,22-08-2026,Active
1283,SAVE128377,Percentage,31,83,518,22-12-2025,23-03-2026,Inactive
1284,SAVE128492,Fixed Amount,310,100,186,02-11-2025,26-01-2026,Inactive
1285,SAVE128567,Fixed Amount,486,71,561,11-09-2024,19-10-2024,Active
1286,SAVE128652,Fixed Amount,388,265,,25-06-2025,03-08-2025,Active
1287,SAVE128721,Fixed Amount,135,178,902,03-12-2024,23-03-2025,Active
1288,SAVE128826,Percentage,30,214,203,06-11-2023,02-12-2023,Active
1289,SAVE128958,Percentage,38,216,663,01-10-2025,24-12-2025,Active
1290,SAVE129052,Percentage,15,133,412,31-07-2024,22-10-2024,Active
1291,SAVE129187,Fixed Amount,217,257,388,22-09-2024,21-11-2024,Active
1292,SAVE129252,Fixed Amount,304,117,457,31-05-2026,27-07-2026,Active
1293,SAVE129368,Percentage,6,,272,18-07-2025,12-11-2025,Expired
1294,SAVE129416,Fixed Amount,133,133,309,19-05-2024,22-06-2024,Expired
1295,SAVE129551,Fixed Amount,274,236,816,28-01-2025,02-04-2025,Active
1296,SAVE129627,Fixed Amount,72,91,508,19-08-2023,06-12-2023,Expired
1297,SAVE129763,Fixed Amount,195,123,525,23-03-2026,20-05-2026,Expired
1298,SAVE129839,Percentage,44,97,,23-11-2025,20-03-2026,Inactive
1299,SAVE129953,Percentage,20,251,655,20-12-2025,24-02-2026,Expired
1300,SAVE130058,Percentage,35,234,757,30-12-2025,14-02-2026,Expired
1301,SAVE130138,Fixed Amount,469,146,,01-04-2024,22-07-2024,Active
1302,SAVE130239,Percentage,16,295,771,19-05-2025,30-06-2025,Expired
1303,SAVE130393,Fixed Amount,390,216,997,22-02-2023,25-03-2023,Active
1304,SAVE130479,Percentage,37,149,,12-08-2024,06-11-2024,Active
1305,SAVE130510,Percentage,8,149,218,03-07-2023,12-08-2023,Active
1306,SAVE130612,Fixed Amount,313,143,497,28-02-2025,09-06-2025,Active
1307,SAVE130748,Fixed Amount,65,250,359,08-04-2024,11-05-2024,Expired
1308,SAVE130831,Fixed Amount,236,126,428,22-08-2024,28-11-2024,Inactive
1309,SAVE130964,Percentage,8,128,883,09-02-2024,31-05-2024,Inactive
1310,SAVE131025,Fixed Amount,112,146,552,09-05-2023,29-06-2023,Active
1311,SAVE131162,Percentage,20,202,599,15-06-2025,04-10-2025,Active
1312,SAVE131275,Fixed Amount,354,225,690,03-09-2023,08-12-2023,Expired
1313,SAVE131358,Percentage,14,245,434,06-05-2025,01-09-2025,Expired
1314,SAVE131443,Fixed Amount,482,206,623,17-10-2024,19-12-2024,Expired
1315,SAVE131580,Fixed Amount,330,,596,25-09-2024,05-01-2025,Inactive
1316,SAVE131643,Fixed Amount,57,57,611,15-12-2024,30-01-2025,Active
1317,SAVE131739,Fixed Amount,462,29,345,14-09-2023,26-11-2023,Inactive
1318,SAVE131892,Percentage,6,97,922,05-04-2024,20-06-2024,Inactive
1319,SAVE131978,Percentage,13,,324,19-11-2025,01-01-2026,Active
1320,SAVE132051,Fixed Amount,243,36,948,18-08-2025,27-11-2025,Expired
1321,SAVE132178,Fixed Amount,422,185,806,25-12-2024,05-02-2025,Expired
1322,SAVE132284,Percentage,33,282,519,19-10-2023,25-11-2023,Active
1323,SAVE132392,Percentage,6,168,351,06-06-2024,25-06-2024,Active
1324,SAVE132479,Fixed Amount,381,56,207,20-02-2025,17-03-2025,Expired
1325,SAVE132581,Fixed Amount,458,161,988,04-07-2025,25-08-2025,Active
1326,SAVE132623,Percentage,29,66,784,31-12-2023,07-03-2024,Active
1327,SAVE132713,Fixed Amount,497,218,560,19-10-2025,13-11-2025,Active
1328,SAVE132818,Fixed Amount,203,247,375,18-09-2024,18-10-2024,Active
1329,SAVE132944,Fixed Amount,334,68,377,08-05-2023,20-06-2023,Expired
1330,SAVE133013,Fixed Amount,187,143,999,26-03-2026,16-06-2026,Inactive
1331,SAVE133186,Fixed Amount,108,46,223,26-05-2024,13-06-2024,Inactive
1332,SAVE133232,Percentage,38,249,253,07-07-2024,29-09-2024,Active
1333,SAVE133341,Fixed Amount,340,212,497,28-08-2025,30-09-2025,Active
1334,SAVE133419,Percentage,14,37,691,02-09-2024,02-10-2024,Active
1335,SAVE133568,Fixed Amount,353,233,301,01-07-2024,01-08-2024,Expired
1336,SAVE133623,Fixed Amount,223,172,354,26-03-2026,24-05-2026,Expired
1337,SAVE133717,Percentage,19,83,379,14-08-2023,20-09-2023,Expired
1338,SAVE133877,Percentage,42,278,606,03-05-2023,27-08-2023,Expired
1339,SAVE133953,Percentage,25,255,82,18-01-2023,24-04-2023,Expired
1340,SAVE134020,Percentage,48,,,06-04-2026,03-08-2026,Expired
1341,SAVE134158,Percentage,17,254,,06-08-2023,19-09-2023,Active
1342,SAVE134261,Fixed Amount,217,57,716,25-01-2026,30-03-2026,Inactive
1343,SAVE134362,Percentage,37,28,594,29-10-2023,15-11-2023,Inactive
1344,SAVE134411,Percentage,21,281,537,14-01-2023,22-02-2023,Expired
1345,SAVE134592,Fixed Amount,372,222,,27-12-2024,24-01-2025,Active
1346,SAVE134634,Fixed Amount,239,114,228,31-03-2023,05-05-2023,Active
1347,SAVE134781,Fixed Amount,363,87,608,20-07-2023,05-11-2023,Expired
1348,SAVE134870,Percentage,11,124,198,23-11-2024,16-02-2025,Active
1349,SAVE134968,Fixed Amount,99,47,776,30-03-2023,06-05-2023,Active
1350,SAVE135093,Fixed Amount,55,68,,10-04-2024,18-05-2024,Inactive
1351,SAVE135113,Percentage,30,240,295,04-09-2023,17-11-2023,Active
1352,SAVE135293,Percentage,24,146,77,26-01-2023,08-04-2023,Inactive
1353,SAVE135341,Fixed Amount,354,,756,23-11-2023,28-01-2024,Expired
1354,SAVE135450,Percentage,11,286,190,26-09-2024,26-10-2024,Expired
1355,SAVE135574,Percentage,9,122,,02-02-2025,26-02-2025,Active
1356,SAVE135614,Percentage,21,101,608,18-05-2023,03-09-2023,Active
1357,SAVE135783,Fixed Amount,219,,86,07-03-2024,18-05-2024,Expired
1358,SAVE135840,Percentage,6,287,807,20-02-2023,30-05-2023,Expired
1359,SAVE135964,Fixed Amount,267,166,851,23-12-2024,07-01-2025,Active
1360,SAVE136052,Percentage,12,72,496,10-05-2024,10-07-2024,Expired
1361,SAVE136121,Percentage,30,78,147,26-05-2023,29-06-2023,Expired
1362,SAVE136291,Fixed Amount,400,291,588,04-02-2024,16-03-2024,Active
1363,SAVE136321,Fixed Amount,188,48,178,31-03-2026,15-04-2026,Active
1364,SAVE136480,Percentage,19,270,214,07-03-2026,28-04-2026,Active
1365,SAVE136543,Percentage,35,288,86,11-04-2025,24-05-2025,Active
1366,SAVE136638,Fixed Amount,276,272,308,11-06-2025,27-09-2025,Active
1367,SAVE136783,Percentage,49,29,984,27-01-2026,05-04-2026,Expired
1368,SAVE136852,Percentage,36,230,110,04-03-2025,14-04-2025,Active
1369,SAVE136957,Percentage,42,33,524,08-08-2024,06-11-2024,Active
1370,SAVE137045,Fixed Amount,215,,728,04-11-2023,12-02-2024,Active
1371,SAVE137130,Fixed Amount,454,140,627,14-09-2025,08-12-2025,Active
1372,SAVE137280,Percentage,37,35,866,18-01-2025,16-05-2025,Expired
1373,SAVE137394,Fixed Amount,239,33,832,19-12-2023,30-03-2024,Inactive
1374,SAVE137443,Percentage,40,67,760,12-04-2025,29-07-2025,Active
1375,SAVE137559,Percentage,42,71,962,26-08-2025,20-12-2025,Active
1376,SAVE137624,Percentage,7,244,308,01-05-2024,02-08-2024,Active
1377,SAVE137753,Percentage,12,268,904,09-09-2023,02-11-2023,Active
1378,SAVE137883,Percentage,21,63,424,11-04-2026,20-05-2026,Active
1379,SAVE137987,Percentage,38,259,803,13-09-2025,24-11-2025,Active
1380,SAVE138029,Fixed Amount,176,102,820,09-02-2025,30-04-2025,Inactive
1381,SAVE138156,Percentage,18,166,145,24-06-2023,29-07-2023,Expired
1382,SAVE138242,Percentage,44,210,92,19-09-2024,08-12-2024,Expired
1383,SAVE138326,Fixed Amount,277,251,979,30-11-2023,25-12-2023,Expired
1384,SAVE138493,Fixed Amount,80,40,891,08-01-2025,24-01-2025,Active
1385,SAVE138543,Percentage,49,93,646,23-11-2024,31-12-2024,Active
1386,SAVE138691,Percentage,27,296,423,30-04-2023,19-08-2023,Expired
1387,SAVE138779,Percentage,14,231,762,21-03-2025,19-06-2025,Expired
1388,SAVE138862,Percentage,15,95,601,16-05-2023,08-06-2023,Active
1389,SAVE138937,Fixed Amount,493,101,157,13-02-2025,06-06-2025,Active
1390,SAVE139021,Percentage,45,275,300,24-05-2026,22-08-2026,Expired
1391,SAVE139120,Fixed Amount,398,199,770,21-10-2023,26-01-2024,Expired
1392,SAVE139244,Fixed Amount,344,297,946,16-07-2024,20-09-2024,Active
1393,SAVE139338,Percentage,5,194,358,21-02-2026,18-06-2026,Active
1394,SAVE139443,Percentage,32,290,634,15-10-2024,05-11-2024,Active
1395,SAVE139520,Fixed Amount,307,136,,03-10-2024,22-12-2024,Active
1396,SAVE139653,Fixed Amount,267,196,301,16-05-2023,04-08-2023,Active
1397,SAVE139745,Fixed Amount,386,217,,21-03-2026,04-06-2026,Inactive
1398,SAVE139829,Fixed Amount,336,108,,03-09-2025,25-12-2025,Inactive
1399,SAVE139962,Fixed Amount,389,29,596,27-10-2024,16-11-2024,Inactive
1400,SAVE140035,Percentage,11,204,172,06-05-2025,11-06-2025,Active
1401,SAVE140136,Fixed Amount,176,245,,15-04-2025,05-05-2025,Active
1402,SAVE140247,Fixed Amount,384,216,509,25-02-2023,03-05-2023,Active
1403,SAVE140352,Percentage,31,213,477,02-02-2026,24-03-2026,Inactive
1404,SAVE140419,Fixed Amount,293,49,629,18-04-2026,05-06-2026,Active
1405,SAVE140557,Percentage,33,252,545,09-08-2023,31-10-2023,Active
1406,SAVE140632,Percentage,19,,678,26-02-2026,09-05-2026,Expired
1407,SAVE140721,Percentage,25,,302,17-02-2026,26-04-2026,Expired
1408,SAVE140864,Percentage,35,242,547,09-03-2023,30-04-2023,Inactive
1409,SAVE140972,Percentage,46,146,498,28-01-2023,26-03-2023,Expired
1410,SAVE141052,Percentage,18,179,538,17-05-2026,01-06-2026,Active
1411,SAVE141118,Fixed Amount,304,54,557,18-01-2024,25-03-2024,Active
1412,SAVE141286,Fixed Amount,228,205,962,29-05-2023,15-06-2023,Inactive
1413,SAVE141388,Fixed Amount,112,129,790,22-02-2026,29-04-2026,Inactive
1414,SAVE141419,Percentage,26,35,798,13-04-2024,25-07-2024,Expired
1415,SAVE141525,Percentage,13,167,784,30-08-2023,27-10-2023,Inactive
1416,SAVE141617,Percentage,42,296,623,02-06-2024,23-08-2024,Active
1417,SAVE141719,Percentage,42,92,456,21-11-2025,20-03-2026,Active
1418,SAVE141870,Percentage,25,184,197,11-01-2024,03-03-2024,Active
1419,SAVE141983,Percentage,32,151,,20-11-2023,04-01-2024,Active
1420,SAVE142010,Fixed Amount,401,262,824,03-09-2025,27-10-2025,Active
1421,SAVE142158,Percentage,31,151,296,19-01-2025,04-04-2025,Active
1422,SAVE142218,Percentage,26,74,528,11-08-2024,07-09-2024,Active
1423,SAVE142382,Fixed Amount,463,228,889,20-03-2026,28-05-2026,Inactive
1424,SAVE142487,Percentage,46,132,395,08-05-2024,02-06-2024,Active
1425,SAVE142555,Fixed Amount,244,89,999,28-01-2025,17-04-2025,Active
1426,SAVE142661,Fixed Amount,458,51,588,10-06-2025,23-09-2025,Inactive
1427,SAVE142758,Percentage,41,220,975,13-09-2023,16-12-2023,Expired
1428,SAVE142842,Percentage,46,299,288,19-12-2025,25-01-2026,Active
1429,SAVE142956,Fixed Amount,202,195,801,06-12-2024,03-02-2025,Expired
1430,SAVE143014,Percentage,16,216,700,10-07-2025,11-09-2025,Expired
1431,SAVE143186,Fixed Amount,484,85,303,28-04-2024,30-07-2024,Active
1432,SAVE143248,Fixed Amount,118,48,873,18-12-2023,07-04-2024,Active
1433,SAVE143372,Percentage,47,241,676,28-03-2024,14-06-2024,Expired
1434,SAVE143423,Percentage,15,86,304,16-03-2026,23-05-2026,Expired
1435,SAVE143590,Percentage,14,199,120,29-10-2025,25-02-2026,Inactive
1436,SAVE143625,Fixed Amount,72,262,803,15-04-2026,08-08-2026,Active
1437,SAVE143786,Fixed Amount,453,100,76,16-09-2025,20-12-2025,Expired
1438,SAVE143877,Fixed Amount,85,44,,15-05-2023,27-06-2023,Active
1439,SAVE143928,Fixed Amount,421,156,786,23-08-2023,15-10-2023,Active
1440,SAVE144014,Fixed Amount,160,270,810,15-02-2023,14-05-2023,Active
1441,SAVE144171,Fixed Amount,92,196,283,10-04-2026,25-05-2026,Active
1442,SAVE144245,Fixed Amount,426,111,414,25-08-2025,07-10-2025,Expired
1443,SAVE144344,Fixed Amount,465,128,,23-11-2024,14-03-2025,Active
1444,SAVE144439,Fixed Amount,404,260,440,09-03-2026,24-04-2026,Expired
1445,SAVE144552,Percentage,5,155,130,04-10-2024,17-01-2025,Inactive
1446,SAVE144631,Fixed Amount,79,264,698,23-05-2026,06-07-2026,Expired
1447,SAVE144713,Fixed Amount,427,278,829,30-01-2025,19-05-2025,Active
1448,SAVE144892,Percentage,11,182,557,05-02-2026,04-05-2026,Expired
1449,SAVE144925,Percentage,34,231,285,19-03-2025,03-06-2025,Expired
1450,SAVE145061,Percentage,34,,232,12-03-2025,04-04-2025,Expired
1451,SAVE145170,Fixed Amount,124,110,906,21-04-2024,23-06-2024,Expired
1452,SAVE145239,Fixed Amount,178,112,895,09-09-2023,17-10-2023,Active
1453,SAVE145394,Fixed Amount,358,28,,16-07-2024,01-10-2024,Active
1454,SAVE145479,Percentage,34,276,880,08-12-2025,31-12-2025,Active
1455,SAVE145513,Fixed Amount,327,21,981,14-09-2023,29-10-2023,Active
1456,SAVE145612,Fixed Amount,485,95,242,01-03-2026,08-04-2026,Expired
1457,SAVE145782,Percentage,23,49,308,04-07-2023,23-08-2023,Active
1458,SAVE145890,Fixed Amount,178,108,350,11-09-2025,12-10-2025,Active
1459,SAVE145985,Fixed Amount,273,113,503,12-01-2023,11-03-2023,Active
1460,SAVE146019,Percentage,35,207,530,01-12-2023,25-02-2024,Expired
1461,SAVE146160,Fixed Amount,366,24,576,01-01-2024,27-01-2024,Expired
1462,SAVE146264,Percentage,23,296,202,17-03-2025,14-04-2025,Expired
1463,SAVE146326,Percentage,17,177,523,29-05-2023,23-08-2023,Expired
1464,SAVE146443,Percentage,42,172,830,16-12-2025,17-01-2026,Active
1465,SAVE146547,Fixed Amount,174,35,,12-12-2025,17-02-2026,Active
1466,SAVE146655,Percentage,42,102,,13-08-2023,30-10-2023,Active
1467,SAVE146722,Percentage,7,186,949,31-05-2023,10-09-2023,Expired
1468,SAVE146896,Fixed Amount,388,292,431,04-12-2023,12-01-2024,Expired
1469,SAVE146962,Percentage,11,238,722,07-02-2025,24-03-2025,Active
1470,SAVE147089,Fixed Amount,380,58,585,10-10-2024,15-12-2024,Active
1471,SAVE147176,Percentage,10,103,,12-01-2024,06-05-2024,Active
1472,SAVE147219,Percentage,22,38,958,27-04-2024,02-07-2024,Expired
1473,SAVE147325,Percentage,5,116,,05-06-2025,29-08-2025,Inactive
1474,SAVE147445,Percentage,41,230,330,19-11-2025,17-01-2026,Inactive
1475,SAVE147553,Fixed Amount,476,237,,01-09-2023,01-10-2023,Expired
1476,SAVE147684,Fixed Amount,475,217,308,02-01-2023,26-01-2023,Expired
1477,SAVE147731,Fixed Amount,407,195,666,28-09-2024,05-12-2024,Expired
1478,SAVE147825,Percentage,5,203,749,28-02-2024,20-04-2024,Expired
1479,SAVE147951,Fixed Amount,56,150,678,12-09-2024,24-10-2024,Active
1480,SAVE148019,Percentage,6,91,,04-04-2025,27-05-2025,Active
1481,SAVE148139,Percentage,35,236,300,29-05-2024,20-07-2024,Active
1482,SAVE148248,Fixed Amount,369,160,120,13-04-2024,19-07-2024,Active
1483,SAVE148330,Percentage,41,162,835,20-06-2023,16-07-2023,Inactive
1484,SAVE148410,Fixed Amount,114,90,142,15-05-2026,26-07-2026,Active
1485,SAVE148511,Fixed Amount,293,215,71,27-09-2023,21-11-2023,Expired
1486,SAVE148655,Percentage,15,265,780,07-01-2026,27-02-2026,Active
1487,SAVE148786,Percentage,34,154,205,16-01-2023,18-04-2023,Active
1488,SAVE148838,Fixed Amount,358,170,669,17-02-2026,15-03-2026,Active
1489,SAVE148977,Percentage,27,118,51,30-03-2023,24-04-2023,Inactive
1490,SAVE149044,Fixed Amount,229,104,62,14-11-2024,12-01-2025,Active
1491,SAVE149160,Fixed Amount,202,205,788,15-08-2024,09-12-2024,Expired
1492,SAVE149237,Fixed Amount,107,208,885,30-10-2024,06-02-2025,Active
1493,SAVE149324,Percentage,13,205,333,22-02-2023,04-04-2023,Expired
1494,SAVE149496,Fixed Amount,250,200,167,06-11-2025,08-02-2026,Active
1495,SAVE149536,Percentage,24,87,610,27-07-2025,10-09-2025,Active
1496,SAVE149669,Percentage,26,217,429,09-11-2024,29-12-2024,Expired
1497,SAVE149767,Fixed Amount,252,48,669,27-01-2023,28-02-2023,Expired
1498,SAVE149815,Percentage,20,247,65,29-04-2025,02-06-2025,Expired
1499,SAVE149930,Fixed Amount,371,163,141,23-08-2024,04-11-2024,Active
1500,SAVE150041,Percentage,33,234,572,27-01-2024,18-03-2024,Expired
