supplier_id,supplier_name,contact_email,city,country,registration_date
1,Alderwood Manufacturing,procurement1@alderwoodsupply.com,Birmingham,UK,23-11-2021
2,Crestview Manufacturing,procurement2@crestviewsupply.com,Munich,Germany,04-05-2025
3,Rosewood Manufacturing,procurement3@rosewoodsupply.com,Austin,USA,14-12-2014
4,Lumen Manufacturing,procurement4@lumensupply.com,Hamburg,Germany,26-07-2017
5,Northgate Manufacturing,procurement5@northgatesupply.com,Calgary,Canada,07-01-2020
6,Marlowe Manufacturing,procurement6@marlowesupply.com,Chicago,USA,04-04-2023
7,Solace Manufacturing,procurement7@solacesupply.com,Vancouver,Canada,26-01-2022
8,Vivex Manufacturing,procurement8@vivexsupply.com,Seattle,USA,15-02-2016
9,Crestview Manufacturing,procurement9@crestviewsupply.com,Phoenix,USA,17-09-2020
10,Willowmere Manufacturing,procurement10@willowmeresupply.com,Sydney,Australia,09-11-2014
11,Vivex Manufacturing,procurement11@vivexsupply.com,Dallas,USA,11-07-2022
12,Halcyon Manufacturing,procurement12@halcyonsupply.com,Calgary,Canada,28-11-2025
13,Northgate Manufacturing,procurement13@northgatesupply.com,Delhi,India,19-01-2020
14,Brightline Manufacturing,procurement14@brightlinesupply.com,Phoenix,USA,06-08-2023
15,Willowmere Manufacturing,procurement15@willowmeresupply.com,Ahmedabad,India,19-11-2021
16,Crestview Manufacturing,procurement16@crestviewsupply.com,London,UK,04-06-2023
17,Solace Manufacturing,procurement17@solacesupply.com,San Diego,USA,03-02-2024
18,Kairo Manufacturing,procurement18@kairosupply.com,Sydney,Australia,19-12-2014
19,Cascadia Manufacturing,procurement19@cascadiasupply.com,San Diego,USA,25-08-2018
20,Brightline Manufacturing,procurement20@brightlinesupply.com,Birmingham,UK,15-11-2015
21,Novara Manufacturing,procurement21@novarasupply.com,London,UK,22-04-2022
22,Statik Manufacturing,procurement22@statiksupply.com,Melbourne,Australia,08-09-2017
23,Beacon Manufacturing,procurement23@beaconsupply.com,London,UK,01-09-2019
24,Cascadia Manufacturing,procurement24@cascadiasupply.com,Austin,USA,02-10-2017
25,Kairo Manufacturing,procurement25@kairosupply.com,Bangalore,India,19-04-2017
26,Novara Manufacturing,procurement26@novarasupply.com,Phoenix,USA,22-06-2018
27,Kestrel Manufacturing,procurement27@kestrelsupply.com,Minneapolis,USA,08-05-2020
28,Cascadia Manufacturing,procurement28@cascadiasupply.com,Birmingham,UK,03-04-2025
29,Brightline Manufacturing,procurement29@brightlinesupply.com,Houston,USA,07-12-2022
30,Marlowe Manufacturing,procurement30@marlowesupply.com,Singapore,Singapore,12-03-2014
31,Vivex Manufacturing,procurement31@vivexsupply.com,Seattle,USA,08-04-2020
32,Kairo Manufacturing,procurement32@kairosupply.com,Toronto,Canada,20-01-2025
33,Halcyon Manufacturing,procurement33@halcyonsupply.com,Bangalore,India,15-07-2014
34,Verdant Manufacturing,procurement34@verdantsupply.com,London,UK,01-06-2023
35,Pinehurst Manufacturing,procurement35@pinehurstsupply.com,Pune,India,02-01-2025
36,Solace Manufacturing,procurement36@solacesupply.com,Hyderabad,India,28-04-2023
37,Northgate Manufacturing,procurement37@northgatesupply.com,San Jose,USA,06-08-2018
38,Solace Manufacturing,procurement38@solacesupply.com,Paris,France,03-03-2020
39,Lumen Manufacturing,procurement39@lumensupply.com,Chennai,India,19-02-2020
40,Alderwood Manufacturing,procurement40@alderwoodsupply.com,Los Angeles,USA,25-11-2022
41,Kestrel Manufacturing,procurement41@kestrelsupply.com,London,UK,27-05-2017
42,Pinehurst Manufacturing,procurement42@pinehurstsupply.com,Phoenix,USA,14-04-2019
43,Verdant Manufacturing,procurement43@verdantsupply.com,Chicago,USA,03-05-2024
44,Rosewood Manufacturing,procurement44@rosewoodsupply.com,Toronto,Canada,02-03-2024
45,Nordwell Manufacturing,procurement45@nordwellsupply.com,Brisbane,Australia,20-05-2018
46,Statik Manufacturing,procurement46@statiksupply.com,Calgary,Canada,26-08-2018
47,Lumen Manufacturing,procurement47@lumensupply.com,Calgary,Canada,21-05-2017
48,Zentra Manufacturing,procurement48@zentrasupply.com,Ahmedabad,India,08-09-2022
49,Trueform Manufacturing,procurement49@trueformsupply.com,Toronto,Canada,27-09-2018
50,Fenwick Manufacturing,procurement50@fenwicksupply.com,Paris,France,08-03-2017
51,Alto Manufacturing,procurement51@altosupply.com,Lyon,France,06-05-2018
52,Statik Manufacturing,procurement52@statiksupply.com,Tokyo,Japan,04-07-2021
53,Northgate Manufacturing,procurement53@northgatesupply.com,Pune,India,07-07-2022
54,Trueform Manufacturing,procurement54@trueformsupply.com,Atlanta,USA,18-02-2025
55,Lumen Manufacturing,procurement55@lumensupply.com,San Diego,USA,03-02-2016
56,Vivex Manufacturing,procurement56@vivexsupply.com,Mumbai,India,15-07-2026
57,Cascadia Manufacturing,procurement57@cascadiasupply.com,Minneapolis,USA,20-09-2019
58,Northgate Manufacturing,procurement58@northgatesupply.com,Leeds,UK,14-04-2022
59,Halcyon Manufacturing,procurement59@halcyonsupply.com,Chennai,India,20-09-2018
60,Solace Manufacturing,procurement60@solacesupply.com,Lyon,France,02-04-2023
61,Willowmere Manufacturing,procurement61@willowmeresupply.com,Austin,USA,25-07-2020
62,Brightline Manufacturing,procurement62@brightlinesupply.com,Berlin,Germany,03-12-2017
63,Statik Manufacturing,procurement63@statiksupply.com,Sydney,Australia,10-11-2021
64,Fenwick Manufacturing,procurement64@fenwicksupply.com,Leeds,UK,28-05-2017
65,Ironclad Manufacturing,procurement65@ironcladsupply.com,Austin,USA,29-05-2014
66,Rosewood Manufacturing,procurement66@rosewoodsupply.com,Dallas,USA,27-01-2020
67,Kestrel Manufacturing,procurement67@kestrelsupply.com,Boston,USA,18-08-2016
68,Pinehurst Manufacturing,procurement68@pinehurstsupply.com,Columbus,USA,19-03-2025
69,Beacon Manufacturing,procurement69@beaconsupply.com,Minneapolis,USA,21-06-2025
70,Lumen Manufacturing,procurement70@lumensupply.com,Austin,USA,22-07-2014
71,Fenwick Manufacturing,procurement71@fenwicksupply.com,Singapore,Singapore,21-04-2023
72,Halcyon Manufacturing,procurement72@halcyonsupply.com,Vancouver,Canada,05-09-2020
73,Marlowe Manufacturing,procurement73@marlowesupply.com,Vancouver,Canada,30-06-2021
74,Verdant Manufacturing,procurement74@verdantsupply.com,Munich,Germany,28-12-2014
75,Beacon Manufacturing,procurement75@beaconsupply.com,Miami,USA,02-07-2021
76,Alderwood Manufacturing,procurement76@alderwoodsupply.com,San Antonio,USA,17-03-2025
77,Alderwood Manufacturing,procurement77@alderwoodsupply.com,Charlotte,USA,27-09-2024
78,Beacon Manufacturing,procurement78@beaconsupply.com,Munich,Germany,02-04-2024
79,Solace Manufacturing,procurement79@solacesupply.com,Montreal,Canada,08-05-2021
80,Crestview Manufacturing,procurement80@crestviewsupply.com,Brisbane,Australia,26-12-2019
81,Crestview Manufacturing,procurement81@crestviewsupply.com,Manchester,UK,04-11-2015
82,Brightline Manufacturing,procurement82@brightlinesupply.com,San Diego,USA,07-07-2018
83,Kestrel Manufacturing,procurement83@kestrelsupply.com,Birmingham,UK,02-04-2024
84,Ironclad Manufacturing,procurement84@ironcladsupply.com,Paris,France,23-05-2023
85,Solace Manufacturing,procurement85@solacesupply.com,Austin,USA,19-02-2019
86,Marlowe Manufacturing,procurement86@marlowesupply.com,Columbus,USA,24-01-2017
87,Alderwood Manufacturing,procurement87@alderwoodsupply.com,Bangalore,India,03-09-2016
88,Halcyon Manufacturing,procurement88@halcyonsupply.com,Miami,USA,26-11-2021
89,Verdant Manufacturing,procurement89@verdantsupply.com,Phoenix,USA,19-11-2015
90,Lumen Manufacturing,procurement90@lumensupply.com,Seattle,USA,25-05-2025
91,Kairo Manufacturing,procurement91@kairosupply.com,Atlanta,USA,01-04-2023
92,Brightline Manufacturing,procurement92@brightlinesupply.com,Singapore,Singapore,01-02-2015
93,Brightline Manufacturing,procurement93@brightlinesupply.com,Miami,USA,15-05-2019
94,Alderwood Manufacturing,procurement94@alderwoodsupply.com,Seattle,USA,12-09-2019
95,Lumen Manufacturing,procurement95@lumensupply.com,Leeds,UK,20-04-2015
96,Cascadia Manufacturing,procurement96@cascadiasupply.com,New York,USA,01-09-2024
97,Marlowe Manufacturing,procurement97@marlowesupply.com,Atlanta,USA,17-03-2016
98,Ironclad Manufacturing,procurement98@ironcladsupply.com,Miami,USA,25-12-2021
99,Alto Manufacturing,procurement99@altosupply.com,Bangalore,India,11-04-2016
100,Kairo Manufacturing,procurement100@kairosupply.com,Brisbane,Australia,06-01-2017
101,Crestview Manufacturing,procurement101@crestviewsupply.com,Hyderabad,India,26-03-2026
102,Statik Manufacturing,procurement102@statiksupply.com,Dallas,USA,02-01-2016
103,Verdant Manufacturing,procurement103@verdantsupply.com,London,UK,20-05-2018
104,Novara Manufacturing,procurement104@novarasupply.com,Berlin,Germany,02-01-2014
105,Verdant Manufacturing,procurement105@verdantsupply.com,Austin,USA,10-09-2024
106,Solace Manufacturing,procurement106@solacesupply.com,Tokyo,Japan,24-12-2023
107,Fenwick Manufacturing,procurement107@fenwicksupply.com,San Antonio,USA,03-07-2024
108,Solace Manufacturing,procurement108@solacesupply.com,Portland,USA,14-07-2025
109,Fenwick Manufacturing,procurement109@fenwicksupply.com,Pune,India,08-06-2025
110,Trueform Manufacturing,procurement110@trueformsupply.com,Portland,USA,08-04-2024
111,Kestrel Manufacturing,procurement111@kestrelsupply.com,Berlin,Germany,13-05-2021
112,Northgate Manufacturing,procurement112@northgatesupply.com,Manchester,UK,31-03-2020
113,Rosewood Manufacturing,procurement113@rosewoodsupply.com,Melbourne,Australia,10-04-2016
114,Kairo Manufacturing,procurement114@kairosupply.com,Boston,USA,03-04-2021
115,Novara Manufacturing,procurement115@novarasupply.com,Chicago,USA,02-11-2022
116,Ironclad Manufacturing,procurement116@ironcladsupply.com,Philadelphia,USA,28-12-2023
117,Lumen Manufacturing,procurement117@lumensupply.com,San Jose,USA,30-04-2017
118,Crestview Manufacturing,procurement118@crestviewsupply.com,Philadelphia,USA,14-11-2016
119,Zentra Manufacturing,procurement119@zentrasupply.com,Portland,USA,05-03-2016
120,Beacon Manufacturing,procurement120@beaconsupply.com,Charlotte,USA,11-09-2019
121,Lumen Manufacturing,procurement121@lumensupply.com,Paris,France,06-07-2014
122,Ironclad Manufacturing,procurement122@ironcladsupply.com,Berlin,Germany,20-03-2015
123,Novara Manufacturing,procurement123@novarasupply.com,Brisbane,Australia,19-09-2025
124,Marlowe Manufacturing,procurement124@marlowesupply.com,Osaka,Japan,03-10-2017
125,Northgate Manufacturing,procurement125@northgatesupply.com,Osaka,Japan,19-05-2016
126,Kestrel Manufacturing,procurement126@kestrelsupply.com,New York,USA,26-03-2014
127,Statik Manufacturing,procurement127@statiksupply.com,Minneapolis,USA,11-10-2017
128,Verdant Manufacturing,procurement128@verdantsupply.com,Dallas,USA,08-08-2022
129,Vivex Manufacturing,procurement129@vivexsupply.com,Denver,USA,26-11-2023
130,Beacon Manufacturing,procurement130@beaconsupply.com,Calgary,Canada,11-02-2016
131,Willowmere Manufacturing,procurement131@willowmeresupply.com,Leeds,UK,30-06-2025
132,Alto Manufacturing,procurement132@altosupply.com,Osaka,Japan,02-03-2019
133,Halcyon Manufacturing,procurement133@halcyonsupply.com,Leeds,UK,29-11-2018
134,Lumen Manufacturing,procurement134@lumensupply.com,Montreal,Canada,05-05-2019
135,Verdant Manufacturing,procurement135@verdantsupply.com,Hamburg,Germany,11-05-2015
136,Halcyon Manufacturing,procurement136@halcyonsupply.com,Lyon,France,18-01-2018
137,Nordwell Manufacturing,procurement137@nordwellsupply.com,Hamburg,Germany,17-05-2025
138,Halcyon Manufacturing,procurement138@halcyonsupply.com,Charlotte,USA,27-04-2026
139,Cascadia Manufacturing,procurement139@cascadiasupply.com,Toronto,Canada,10-02-2026
140,Novara Manufacturing,procurement140@novarasupply.com,Toronto,Canada,02-09-2018
141,Fenwick Manufacturing,procurement141@fenwicksupply.com,Atlanta,USA,14-09-2021
142,Cascadia Manufacturing,procurement142@cascadiasupply.com,Hamburg,Germany,16-08-2022
143,Marlowe Manufacturing,procurement143@marlowesupply.com,Philadelphia,USA,11-06-2025
144,Marlowe Manufacturing,procurement144@marlowesupply.com,Charlotte,USA,08-05-2014
145,Beacon Manufacturing,procurement145@beaconsupply.com,Berlin,Germany,25-10-2020
146,Nordwell Manufacturing,procurement146@nordwellsupply.com,Los Angeles,USA,23-11-2025
147,Verdant Manufacturing,procurement147@verdantsupply.com,New York,USA,08-01-2020
148,Pinehurst Manufacturing,procurement148@pinehurstsupply.com,Boston,USA,24-04-2019
149,Trueform Manufacturing,procurement149@trueformsupply.com,Munich,Germany,07-04-2014
150,Brightline Manufacturing,procurement150@brightlinesupply.com,London,UK,28-11-2021
151,Northgate Manufacturing,procurement151@northgatesupply.com,Austin,USA,04-09-2020
152,Rosewood Manufacturing,procurement152@rosewoodsupply.com,Columbus,USA,23-10-2014
153,Fenwick Manufacturing,procurement153@fenwicksupply.com,Boston,USA,23-01-2023
154,Pinehurst Manufacturing,procurement154@pinehurstsupply.com,Los Angeles,USA,27-09-2021
155,Ironclad Manufacturing,procurement155@ironcladsupply.com,San Antonio,USA,07-02-2019
156,Brightline Manufacturing,procurement156@brightlinesupply.com,Columbus,USA,26-11-2018
157,Beacon Manufacturing,procurement157@beaconsupply.com,Toronto,Canada,16-03-2020
158,Lumen Manufacturing,procurement158@lumensupply.com,London,UK,10-01-2017
159,Zentra Manufacturing,procurement159@zentrasupply.com,London,UK,10-10-2021
160,Fenwick Manufacturing,procurement160@fenwicksupply.com,Birmingham,UK,04-03-2026
161,Cascadia Manufacturing,procurement161@cascadiasupply.com,Vancouver,Canada,22-11-2015
162,Rosewood Manufacturing,procurement162@rosewoodsupply.com,Tokyo,Japan,02-03-2022
163,Halcyon Manufacturing,procurement163@halcyonsupply.com,Miami,USA,31-08-2019
164,Kestrel Manufacturing,procurement164@kestrelsupply.com,Calgary,Canada,22-11-2023
165,Fenwick Manufacturing,procurement165@fenwicksupply.com,Hyderabad,India,26-08-2014
166,Ironclad Manufacturing,procurement166@ironcladsupply.com,Denver,USA,19-04-2021
167,Zentra Manufacturing,procurement167@zentrasupply.com,Seattle,USA,23-12-2021
168,Fenwick Manufacturing,procurement168@fenwicksupply.com,Miami,USA,10-09-2025
169,Alderwood Manufacturing,procurement169@alderwoodsupply.com,Boston,USA,11-11-2021
170,Lumen Manufacturing,procurement170@lumensupply.com,Atlanta,USA,19-04-2022
171,Alderwood Manufacturing,procurement171@alderwoodsupply.com,Kolkata,India,25-02-2016
172,Kestrel Manufacturing,procurement172@kestrelsupply.com,Bangalore,India,07-07-2024
173,Kairo Manufacturing,procurement173@kairosupply.com,Los Angeles,USA,27-12-2015
174,Willowmere Manufacturing,procurement174@willowmeresupply.com,Denver,USA,30-06-2024
175,Cascadia Manufacturing,procurement175@cascadiasupply.com,Ahmedabad,India,20-06-2015
176,Willowmere Manufacturing,procurement176@willowmeresupply.com,Hyderabad,India,08-09-2021
177,Vivex Manufacturing,procurement177@vivexsupply.com,Dallas,USA,24-11-2020
178,Rosewood Manufacturing,procurement178@rosewoodsupply.com,Atlanta,USA,27-10-2024
179,Kestrel Manufacturing,procurement179@kestrelsupply.com,Osaka,Japan,04-02-2018
180,Willowmere Manufacturing,procurement180@willowmeresupply.com,Hamburg,Germany,12-08-2016
181,Northgate Manufacturing,procurement181@northgatesupply.com,Birmingham,UK,11-07-2021
182,Novara Manufacturing,procurement182@novarasupply.com,Portland,USA,10-09-2023
183,Alderwood Manufacturing,procurement183@alderwoodsupply.com,Lyon,France,14-09-2025
184,Beacon Manufacturing,procurement184@beaconsupply.com,Berlin,Germany,09-03-2016
185,Ironclad Manufacturing,procurement185@ironcladsupply.com,Lyon,France,08-04-2024
186,Statik Manufacturing,procurement186@statiksupply.com,Manchester,UK,14-06-2025
187,Alto Manufacturing,procurement187@altosupply.com,Hamburg,Germany,08-12-2015
188,Nordwell Manufacturing,procurement188@nordwellsupply.com,Lyon,France,12-02-2016
189,Lumen Manufacturing,procurement189@lumensupply.com,New York,USA,28-05-2017
190,Fenwick Manufacturing,procurement190@fenwicksupply.com,Charlotte,USA,17-12-2021
191,Ironclad Manufacturing,procurement191@ironcladsupply.com,Hyderabad,India,02-08-2016
192,Trueform Manufacturing,procurement192@trueformsupply.com,Leeds,UK,14-02-2016
193,Kairo Manufacturing,procurement193@kairosupply.com,Hyderabad,India,22-10-2016
194,Kairo Manufacturing,procurement194@kairosupply.com,Tokyo,Japan,30-11-2016
195,Trueform Manufacturing,procurement195@trueformsupply.com,Los Angeles,USA,25-01-2026
196,Vivex Manufacturing,procurement196@vivexsupply.com,Columbus,USA,15-02-2019
197,Novara Manufacturing,procurement197@novarasupply.com,Charlotte,USA,10-01-2018
198,Lumen Manufacturing,procurement198@lumensupply.com,Chicago,USA,12-01-2020
199,Cascadia Manufacturing,procurement199@cascadiasupply.com,San Diego,USA,28-09-2018
200,Northgate Manufacturing,procurement200@northgatesupply.com,Austin,USA,23-10-2022
201,Pinehurst Manufacturing,procurement201@pinehurstsupply.com,Lyon,France,28-10-2020
202,Northgate Manufacturing,procurement202@northgatesupply.com,Brisbane,Australia,03-08-2017
203,Kestrel Manufacturing,procurement203@kestrelsupply.com,Austin,USA,30-03-2026
204,Zentra Manufacturing,procurement204@zentrasupply.com,Berlin,Germany,13-02-2016
205,Alderwood Manufacturing,procurement205@alderwoodsupply.com,Sydney,Australia,14-10-2017
206,Statik Manufacturing,procurement206@statiksupply.com,Sydney,Australia,31-03-2025
207,Kestrel Manufacturing,procurement207@kestrelsupply.com,San Antonio,USA,01-01-2026
208,Brightline Manufacturing,procurement208@brightlinesupply.com,Boston,USA,02-10-2023
209,Kestrel Manufacturing,procurement209@kestrelsupply.com,Seattle,USA,09-08-2017
210,Zentra Manufacturing,procurement210@zentrasupply.com,Phoenix,USA,10-12-2025
211,Alderwood Manufacturing,procurement211@alderwoodsupply.com,Singapore,Singapore,11-06-2024
212,Novara Manufacturing,procurement212@novarasupply.com,Los Angeles,USA,23-08-2017
213,Zentra Manufacturing,procurement213@zentrasupply.com,Philadelphia,USA,13-05-2022
214,Nordwell Manufacturing,procurement214@nordwellsupply.com,San Antonio,USA,22-04-2014
215,Rosewood Manufacturing,procurement215@rosewoodsupply.com,Boston,USA,06-06-2015
216,Crestview Manufacturing,procurement216@crestviewsupply.com,Delhi,India,16-05-2026
217,Brightline Manufacturing,procurement217@brightlinesupply.com,Atlanta,USA,18-12-2018
218,Kestrel Manufacturing,procurement218@kestrelsupply.com,Birmingham,UK,21-04-2023
219,Alto Manufacturing,procurement219@altosupply.com,Chicago,USA,14-06-2016
220,Solace Manufacturing,procurement220@solacesupply.com,Mumbai,India,16-04-2022
221,Solace Manufacturing,procurement221@solacesupply.com,Chennai,India,06-08-2014
222,Halcyon Manufacturing,procurement222@halcyonsupply.com,Birmingham,UK,02-03-2018
223,Solace Manufacturing,procurement223@solacesupply.com,Seattle,USA,25-02-2022
224,Kestrel Manufacturing,procurement224@kestrelsupply.com,Atlanta,USA,30-04-2014
225,Novara Manufacturing,procurement225@novarasupply.com,Chennai,India,05-04-2023
226,Kestrel Manufacturing,procurement226@kestrelsupply.com,Dallas,USA,12-04-2019
227,Zentra Manufacturing,procurement227@zentrasupply.com,Seattle,USA,17-09-2018
228,Zentra Manufacturing,procurement228@zentrasupply.com,San Jose,USA,18-05-2024
229,Statik Manufacturing,procurement229@statiksupply.com,London,UK,03-07-2016
230,Rosewood Manufacturing,procurement230@rosewoodsupply.com,Denver,USA,28-12-2023
231,Fenwick Manufacturing,procurement231@fenwicksupply.com,Brisbane,Australia,19-02-2026
232,Lumen Manufacturing,procurement232@lumensupply.com,Brisbane,Australia,31-07-2015
233,Rosewood Manufacturing,procurement233@rosewoodsupply.com,San Diego,USA,08-11-2020
234,Alto Manufacturing,procurement234@altosupply.com,London,UK,07-03-2016
235,Novara Manufacturing,procurement235@novarasupply.com,Miami,USA,14-07-2014
236,Novara Manufacturing,procurement236@novarasupply.com,Pune,India,03-04-2019
237,Crestview Manufacturing,procurement237@crestviewsupply.com,Brisbane,Australia,28-01-2021
238,Kairo Manufacturing,procurement238@kairosupply.com,Brisbane,Australia,26-03-2016
239,Trueform Manufacturing,procurement239@trueformsupply.com,Portland,USA,26-06-2022
240,Alderwood Manufacturing,procurement240@alderwoodsupply.com,Seattle,USA,29-03-2025
241,Novara Manufacturing,procurement241@novarasupply.com,Munich,Germany,21-03-2019
242,Fenwick Manufacturing,procurement242@fenwicksupply.com,Lyon,France,25-03-2015
243,Crestview Manufacturing,procurement243@crestviewsupply.com,Charlotte,USA,03-10-2014
244,Alto Manufacturing,procurement244@altosupply.com,New York,USA,03-05-2022
245,Alto Manufacturing,procurement245@altosupply.com,Osaka,Japan,10-12-2022
246,Halcyon Manufacturing,procurement246@halcyonsupply.com,Seattle,USA,07-12-2025
247,Statik Manufacturing,procurement247@statiksupply.com,Munich,Germany,21-01-2016
248,Statik Manufacturing,procurement248@statiksupply.com,Seattle,USA,08-12-2014
249,Lumen Manufacturing,procurement249@lumensupply.com,Calgary,Canada,23-06-2016
250,Brightline Manufacturing,procurement250@brightlinesupply.com,Bangalore,India,20-08-2019
251,Lumen Manufacturing,procurement251@lumensupply.com,Boston,USA,17-07-2014
252,Alto Manufacturing,procurement252@altosupply.com,Berlin,Germany,14-06-2018
253,Brightline Manufacturing,procurement253@brightlinesupply.com,Columbus,USA,15-09-2023
254,Brightline Manufacturing,procurement254@brightlinesupply.com,Mumbai,India,11-12-2021
255,Lumen Manufacturing,procurement255@lumensupply.com,San Diego,USA,11-04-2015
256,Halcyon Manufacturing,procurement256@halcyonsupply.com,Philadelphia,USA,18-05-2014
257,Marlowe Manufacturing,procurement257@marlowesupply.com,Toronto,Canada,22-10-2018
258,Kestrel Manufacturing,procurement258@kestrelsupply.com,Sydney,Australia,08-05-2014
259,Solace Manufacturing,procurement259@solacesupply.com,Hyderabad,India,27-11-2018
260,Brightline Manufacturing,procurement260@brightlinesupply.com,Montreal,Canada,16-01-2021
261,Alderwood Manufacturing,procurement261@alderwoodsupply.com,Phoenix,USA,27-09-2016
262,Alderwood Manufacturing,procurement262@alderwoodsupply.com,Seattle,USA,14-04-2024
263,Crestview Manufacturing,procurement263@crestviewsupply.com,Tokyo,Japan,28-07-2023
264,Fenwick Manufacturing,procurement264@fenwicksupply.com,Vancouver,Canada,11-07-2018
265,Brightline Manufacturing,procurement265@brightlinesupply.com,New York,USA,05-02-2020
266,Halcyon Manufacturing,procurement266@halcyonsupply.com,Birmingham,UK,10-12-2019
267,Fenwick Manufacturing,procurement267@fenwicksupply.com,Manchester,UK,29-12-2014
268,Crestview Manufacturing,procurement268@crestviewsupply.com,Calgary,Canada,23-09-2015
269,Alderwood Manufacturing,procurement269@alderwoodsupply.com,Kolkata,India,10-07-2024
270,Cascadia Manufacturing,procurement270@cascadiasupply.com,Phoenix,USA,14-11-2015
271,Statik Manufacturing,procurement271@statiksupply.com,Birmingham,UK,28-10-2018
272,Fenwick Manufacturing,procurement272@fenwicksupply.com,Munich,Germany,15-08-2022
273,Rosewood Manufacturing,procurement273@rosewoodsupply.com,Brisbane,Australia,22-07-2015
274,Solace Manufacturing,procurement274@solacesupply.com,Boston,USA,04-07-2025
275,Nordwell Manufacturing,procurement275@nordwellsupply.com,New York,USA,23-03-2021
276,Northgate Manufacturing,procurement276@northgatesupply.com,Chennai,India,24-12-2018
277,Alderwood Manufacturing,procurement277@alderwoodsupply.com,Paris,France,10-06-2018
278,Novara Manufacturing,procurement278@novarasupply.com,Denver,USA,13-01-2018
279,Ironclad Manufacturing,procurement279@ironcladsupply.com,Calgary,Canada,01-09-2018
280,Ironclad Manufacturing,procurement280@ironcladsupply.com,Chennai,India,22-08-2024
281,Rosewood Manufacturing,procurement281@rosewoodsupply.com,Dallas,USA,04-03-2014
282,Zentra Manufacturing,procurement282@zentrasupply.com,Toronto,Canada,21-06-2018
283,Ironclad Manufacturing,procurement283@ironcladsupply.com,Boston,USA,11-09-2019
284,Halcyon Manufacturing,procurement284@halcyonsupply.com,Vancouver,Canada,14-02-2020
285,Kestrel Manufacturing,procurement285@kestrelsupply.com,Sydney,Australia,03-02-2019
286,Northgate Manufacturing,procurement286@northgatesupply.com,Tokyo,Japan,02-10-2015
287,Ironclad Manufacturing,procurement287@ironcladsupply.com,Melbourne,Australia,20-04-2015
288,Vivex Manufacturing,procurement288@vivexsupply.com,Tokyo,Japan,19-11-2014
289,Alderwood Manufacturing,procurement289@alderwoodsupply.com,Mumbai,India,17-07-2014
290,Statik Manufacturing,procurement290@statiksupply.com,Philadelphia,USA,28-11-2019
291,Halcyon Manufacturing,procurement291@halcyonsupply.com,Boston,USA,28-07-2018
292,Vivex Manufacturing,procurement292@vivexsupply.com,Phoenix,USA,07-04-2018
293,Trueform Manufacturing,procurement293@trueformsupply.com,Austin,USA,26-02-2019
294,Novara Manufacturing,procurement294@novarasupply.com,San Antonio,USA,18-12-2017
295,Solace Manufacturing,procurement295@solacesupply.com,Boston,USA,15-12-2016
296,Ironclad Manufacturing,procurement296@ironcladsupply.com,Manchester,UK,07-06-2022
297,Trueform Manufacturing,procurement297@trueformsupply.com,Chennai,India,17-07-2014
298,Halcyon Manufacturing,procurement298@halcyonsupply.com,Singapore,Singapore,02-07-2021
299,Marlowe Manufacturing,procurement299@marlowesupply.com,Sydney,Australia,02-01-2017
300,Zentra Manufacturing,procurement300@zentrasupply.com,Singapore,Singapore,09-08-2016
301,Fenwick Manufacturing,procurement301@fenwicksupply.com,San Antonio,USA,09-11-2017
302,Nordwell Manufacturing,procurement302@nordwellsupply.com,Calgary,Canada,29-01-2026
303,Crestview Manufacturing,procurement303@crestviewsupply.com,Chicago,USA,18-12-2021
304,Brightline Manufacturing,procurement304@brightlinesupply.com,Mumbai,India,30-09-2017
305,Alto Manufacturing,procurement305@altosupply.com,Leeds,UK,09-07-2025
306,Verdant Manufacturing,procurement306@verdantsupply.com,Austin,USA,18-04-2017
307,Halcyon Manufacturing,procurement307@halcyonsupply.com,London,UK,22-04-2025
308,Northgate Manufacturing,procurement308@northgatesupply.com,Manchester,UK,23-09-2017
309,Kairo Manufacturing,procurement309@kairosupply.com,Austin,USA,03-09-2024
310,Trueform Manufacturing,procurement310@trueformsupply.com,Manchester,UK,02-09-2016
311,Marlowe Manufacturing,procurement311@marlowesupply.com,Philadelphia,USA,08-12-2016
312,Zentra Manufacturing,procurement312@zentrasupply.com,Minneapolis,USA,12-12-2015
313,Halcyon Manufacturing,procurement313@halcyonsupply.com,Lyon,France,10-09-2014
314,Vivex Manufacturing,procurement314@vivexsupply.com,Atlanta,USA,25-09-2019
315,Alderwood Manufacturing,procurement315@alderwoodsupply.com,Denver,USA,01-09-2016
316,Willowmere Manufacturing,procurement316@willowmeresupply.com,Leeds,UK,26-11-2021
317,Marlowe Manufacturing,procurement317@marlowesupply.com,Brisbane,Australia,19-07-2018
318,Zentra Manufacturing,procurement318@zentrasupply.com,Ahmedabad,India,25-01-2026
319,Kairo Manufacturing,procurement319@kairosupply.com,Bangalore,India,04-02-2026
320,Vivex Manufacturing,procurement320@vivexsupply.com,Kolkata,India,26-07-2018
321,Kairo Manufacturing,procurement321@kairosupply.com,Osaka,Japan,11-05-2026
322,Alderwood Manufacturing,procurement322@alderwoodsupply.com,Brisbane,Australia,03-04-2014
323,Rosewood Manufacturing,procurement323@rosewoodsupply.com,San Antonio,USA,14-04-2023
324,Nordwell Manufacturing,procurement324@nordwellsupply.com,Hyderabad,India,14-08-2021
325,Novara Manufacturing,procurement325@novarasupply.com,Paris,France,22-03-2023
326,Alto Manufacturing,procurement326@altosupply.com,Bangalore,India,04-12-2025
327,Kestrel Manufacturing,procurement327@kestrelsupply.com,Philadelphia,USA,30-01-2015
328,Trueform Manufacturing,procurement328@trueformsupply.com,Vancouver,Canada,07-03-2025
329,Beacon Manufacturing,procurement329@beaconsupply.com,Toronto,Canada,27-02-2019
330,Verdant Manufacturing,procurement330@verdantsupply.com,Tokyo,Japan,31-07-2015
331,Beacon Manufacturing,procurement331@beaconsupply.com,San Jose,USA,07-06-2019
332,Vivex Manufacturing,procurement332@vivexsupply.com,Toronto,Canada,09-08-2019
333,Kairo Manufacturing,procurement333@kairosupply.com,Calgary,Canada,25-10-2016
334,Kairo Manufacturing,procurement334@kairosupply.com,Montreal,Canada,29-03-2021
335,Crestview Manufacturing,procurement335@crestviewsupply.com,London,UK,04-06-2026
336,Brightline Manufacturing,procurement336@brightlinesupply.com,Paris,France,17-04-2015
337,Beacon Manufacturing,procurement337@beaconsupply.com,Birmingham,UK,17-02-2017
338,Alto Manufacturing,procurement338@altosupply.com,San Antonio,USA,15-06-2016
339,Vivex Manufacturing,procurement339@vivexsupply.com,Leeds,UK,07-12-2019
340,Alderwood Manufacturing,procurement340@alderwoodsupply.com,Minneapolis,USA,23-11-2022
341,Alto Manufacturing,procurement341@altosupply.com,San Diego,USA,22-02-2020
342,Nordwell Manufacturing,procurement342@nordwellsupply.com,Chennai,India,07-11-2022
343,Statik Manufacturing,procurement343@statiksupply.com,San Antonio,USA,07-10-2024
344,Alderwood Manufacturing,procurement344@alderwoodsupply.com,Toronto,Canada,03-08-2022
345,Trueform Manufacturing,procurement345@trueformsupply.com,San Antonio,USA,05-04-2019
346,Beacon Manufacturing,procurement346@beaconsupply.com,Calgary,Canada,10-08-2024
347,Kairo Manufacturing,procurement347@kairosupply.com,Charlotte,USA,30-04-2015
348,Brightline Manufacturing,procurement348@brightlinesupply.com,London,UK,25-08-2020
349,Zentra Manufacturing,procurement349@zentrasupply.com,Chennai,India,03-11-2017
350,Kestrel Manufacturing,procurement350@kestrelsupply.com,Houston,USA,18-05-2015
351,Ironclad Manufacturing,procurement351@ironcladsupply.com,Kolkata,India,13-07-2022
352,Statik Manufacturing,procurement352@statiksupply.com,Chicago,USA,24-10-2016
353,Trueform Manufacturing,procurement353@trueformsupply.com,Toronto,Canada,11-06-2015
354,Northgate Manufacturing,procurement354@northgatesupply.com,San Antonio,USA,03-05-2024
355,Ironclad Manufacturing,procurement355@ironcladsupply.com,Hamburg,Germany,27-07-2022
356,Halcyon Manufacturing,procurement356@halcyonsupply.com,Mumbai,India,21-02-2026
357,Vivex Manufacturing,procurement357@vivexsupply.com,Hyderabad,India,14-12-2021
358,Novara Manufacturing,procurement358@novarasupply.com,Columbus,USA,20-09-2016
359,Willowmere Manufacturing,procurement359@willowmeresupply.com,Chennai,India,07-02-2019
360,Alderwood Manufacturing,procurement360@alderwoodsupply.com,Seattle,USA,15-05-2026
361,Beacon Manufacturing,procurement361@beaconsupply.com,Melbourne,Australia,11-04-2021
362,Alderwood Manufacturing,procurement362@alderwoodsupply.com,Manchester,UK,15-05-2015
363,Cascadia Manufacturing,procurement363@cascadiasupply.com,Mumbai,India,05-01-2020
364,Crestview Manufacturing,procurement364@crestviewsupply.com,Hyderabad,India,31-05-2025
365,Alderwood Manufacturing,procurement365@alderwoodsupply.com,Austin,USA,13-04-2023
366,Solace Manufacturing,procurement366@solacesupply.com,Chicago,USA,23-03-2022
367,Solace Manufacturing,procurement367@solacesupply.com,Vancouver,Canada,29-12-2015
368,Nordwell Manufacturing,procurement368@nordwellsupply.com,Lyon,France,18-10-2021
369,Beacon Manufacturing,procurement369@beaconsupply.com,Kolkata,India,13-08-2022
370,Northgate Manufacturing,procurement370@northgatesupply.com,Seattle,USA,19-08-2022
371,Verdant Manufacturing,procurement371@verdantsupply.com,Berlin,Germany,22-04-2014
372,Verdant Manufacturing,procurement372@verdantsupply.com,Hamburg,Germany,30-10-2022
373,Kairo Manufacturing,procurement373@kairosupply.com,Dallas,USA,10-11-2014
374,Alderwood Manufacturing,procurement374@alderwoodsupply.com,Tokyo,Japan,08-07-2019
375,Nordwell Manufacturing,procurement375@nordwellsupply.com,Paris,France,18-06-2026
376,Vivex Manufacturing,procurement376@vivexsupply.com,Sydney,Australia,05-10-2015
377,Statik Manufacturing,procurement377@statiksupply.com,Charlotte,USA,06-07-2018
378,Alderwood Manufacturing,procurement378@alderwoodsupply.com,Paris,France,19-11-2014
379,Rosewood Manufacturing,procurement379@rosewoodsupply.com,Munich,Germany,28-11-2015
380,Kairo Manufacturing,procurement380@kairosupply.com,Montreal,Canada,22-08-2014
381,Crestview Manufacturing,procurement381@crestviewsupply.com,Calgary,Canada,16-02-2018
382,Northgate Manufacturing,procurement382@northgatesupply.com,Hyderabad,India,11-02-2017
383,Verdant Manufacturing,procurement383@verdantsupply.com,Hyderabad,India,03-07-2022
384,Ironclad Manufacturing,procurement384@ironcladsupply.com,Los Angeles,USA,18-09-2014
385,Zentra Manufacturing,procurement385@zentrasupply.com,Boston,USA,09-03-2019
386,Kestrel Manufacturing,procurement386@kestrelsupply.com,Ahmedabad,India,07-10-2021
387,Ironclad Manufacturing,procurement387@ironcladsupply.com,Miami,USA,17-06-2024
388,Marlowe Manufacturing,procurement388@marlowesupply.com,Singapore,Singapore,21-01-2022
389,Willowmere Manufacturing,procurement389@willowmeresupply.com,Tokyo,Japan,31-03-2019
390,Kairo Manufacturing,procurement390@kairosupply.com,Ahmedabad,India,26-05-2014
391,Kairo Manufacturing,procurement391@kairosupply.com,San Diego,USA,25-06-2018
392,Rosewood Manufacturing,procurement392@rosewoodsupply.com,Tokyo,Japan,05-11-2017
393,Brightline Manufacturing,procurement393@brightlinesupply.com,Brisbane,Australia,06-03-2018
394,Solace Manufacturing,procurement394@solacesupply.com,Leeds,UK,03-12-2015
395,Verdant Manufacturing,procurement395@verdantsupply.com,Manchester,UK,22-06-2021
396,Fenwick Manufacturing,procurement396@fenwicksupply.com,Hyderabad,India,23-10-2015
397,Willowmere Manufacturing,procurement397@willowmeresupply.com,Tokyo,Japan,29-05-2026
398,Northgate Manufacturing,procurement398@northgatesupply.com,Delhi,India,25-07-2019
399,Cascadia Manufacturing,procurement399@cascadiasupply.com,Bangalore,India,05-07-2018
400,Willowmere Manufacturing,procurement400@willowmeresupply.com,Portland,USA,16-03-2018
401,Alderwood Manufacturing,procurement401@alderwoodsupply.com,Birmingham,UK,13-07-2017
402,Kairo Manufacturing,procurement402@kairosupply.com,Montreal,Canada,04-10-2017
403,Vivex Manufacturing,procurement403@vivexsupply.com,Melbourne,Australia,05-05-2024
404,Crestview Manufacturing,procurement404@crestviewsupply.com,Philadelphia,USA,16-11-2014
405,Statik Manufacturing,procurement405@statiksupply.com,Atlanta,USA,07-04-2021
406,Kairo Manufacturing,procurement406@kairosupply.com,Birmingham,UK,04-03-2017
407,Pinehurst Manufacturing,procurement407@pinehurstsupply.com,Brisbane,Australia,19-05-2025
408,Statik Manufacturing,procurement408@statiksupply.com,Houston,USA,16-01-2024
409,Vivex Manufacturing,procurement409@vivexsupply.com,Boston,USA,21-02-2014
410,Verdant Manufacturing,procurement410@verdantsupply.com,San Antonio,USA,27-01-2023
411,Crestview Manufacturing,procurement411@crestviewsupply.com,San Diego,USA,22-04-2018
412,Trueform Manufacturing,procurement412@trueformsupply.com,Hyderabad,India,31-01-2017
413,Alderwood Manufacturing,procurement413@alderwoodsupply.com,Toronto,Canada,04-10-2023
414,Zentra Manufacturing,procurement414@zentrasupply.com,Dallas,USA,07-03-2019
415,Rosewood Manufacturing,procurement415@rosewoodsupply.com,Kolkata,India,13-12-2023
416,Fenwick Manufacturing,procurement416@fenwicksupply.com,Pune,India,18-01-2022
417,Rosewood Manufacturing,procurement417@rosewoodsupply.com,London,UK,13-07-2020
418,Cascadia Manufacturing,procurement418@cascadiasupply.com,San Diego,USA,23-07-2015
419,Alderwood Manufacturing,procurement419@alderwoodsupply.com,Portland,USA,27-08-2021
420,Fenwick Manufacturing,procurement420@fenwicksupply.com,London,UK,15-09-2016
421,Novara Manufacturing,procurement421@novarasupply.com,Delhi,India,14-07-2026
422,Cascadia Manufacturing,procurement422@cascadiasupply.com,Pune,India,01-04-2018
423,Vivex Manufacturing,procurement423@vivexsupply.com,Chicago,USA,01-01-2025
424,Vivex Manufacturing,procurement424@vivexsupply.com,Portland,USA,13-03-2017
425,Zentra Manufacturing,procurement425@zentrasupply.com,Chicago,USA,28-09-2023
426,Willowmere Manufacturing,procurement426@willowmeresupply.com,Minneapolis,USA,09-07-2025
427,Fenwick Manufacturing,procurement427@fenwicksupply.com,Los Angeles,USA,24-06-2023
428,Willowmere Manufacturing,procurement428@willowmeresupply.com,Miami,USA,05-11-2025
429,Nordwell Manufacturing,procurement429@nordwellsupply.com,Atlanta,USA,03-06-2022
430,Kairo Manufacturing,procurement430@kairosupply.com,Houston,USA,29-05-2019
431,Alderwood Manufacturing,procurement431@alderwoodsupply.com,Toronto,Canada,25-12-2016
432,Trueform Manufacturing,procurement432@trueformsupply.com,Austin,USA,24-04-2024
433,Cascadia Manufacturing,procurement433@cascadiasupply.com,Houston,USA,09-08-2020
434,Pinehurst Manufacturing,procurement434@pinehurstsupply.com,Kolkata,India,16-08-2019
435,Kairo Manufacturing,procurement435@kairosupply.com,Los Angeles,USA,12-07-2016
436,Zentra Manufacturing,procurement436@zentrasupply.com,Seattle,USA,15-07-2026
437,Pinehurst Manufacturing,procurement437@pinehurstsupply.com,Houston,USA,16-04-2016
438,Verdant Manufacturing,procurement438@verdantsupply.com,Munich,Germany,09-04-2022
439,Solace Manufacturing,procurement439@solacesupply.com,Houston,USA,25-08-2018
440,Crestview Manufacturing,procurement440@crestviewsupply.com,Montreal,Canada,24-02-2020
441,Rosewood Manufacturing,procurement441@rosewoodsupply.com,Toronto,Canada,17-12-2021
442,Solace Manufacturing,procurement442@solacesupply.com,Boston,USA,17-08-2025
443,Willowmere Manufacturing,procurement443@willowmeresupply.com,Osaka,Japan,19-08-2014
444,Kestrel Manufacturing,procurement444@kestrelsupply.com,Denver,USA,27-12-2021
445,Trueform Manufacturing,procurement445@trueformsupply.com,Phoenix,USA,19-04-2016
446,Kestrel Manufacturing,procurement446@kestrelsupply.com,Berlin,Germany,13-06-2017
447,Lumen Manufacturing,procurement447@lumensupply.com,Charlotte,USA,27-02-2025
448,Zentra Manufacturing,procurement448@zentrasupply.com,Ahmedabad,India,03-03-2017
449,Willowmere Manufacturing,procurement449@willowmeresupply.com,San Antonio,USA,17-04-2022
450,Fenwick Manufacturing,procurement450@fenwicksupply.com,Toronto,Canada,24-07-2026
451,Willowmere Manufacturing,procurement451@willowmeresupply.com,Austin,USA,22-02-2015
452,Zentra Manufacturing,procurement452@zentrasupply.com,Osaka,Japan,18-04-2021
453,Verdant Manufacturing,procurement453@verdantsupply.com,Mumbai,India,29-06-2016
454,Marlowe Manufacturing,procurement454@marlowesupply.com,Atlanta,USA,14-02-2020
455,Beacon Manufacturing,procurement455@beaconsupply.com,Manchester,UK,25-12-2024
456,Northgate Manufacturing,procurement456@northgatesupply.com,San Jose,USA,11-02-2025
457,Kairo Manufacturing,procurement457@kairosupply.com,New York,USA,24-04-2022
458,Novara Manufacturing,procurement458@novarasupply.com,Los Angeles,USA,10-02-2021
459,Fenwick Manufacturing,procurement459@fenwicksupply.com,Munich,Germany,27-09-2017
460,Rosewood Manufacturing,procurement460@rosewoodsupply.com,Austin,USA,24-07-2023
461,Rosewood Manufacturing,procurement461@rosewoodsupply.com,Denver,USA,18-04-2023
462,Fenwick Manufacturing,procurement462@fenwicksupply.com,Pune,India,21-01-2018
463,Halcyon Manufacturing,procurement463@halcyonsupply.com,Houston,USA,21-10-2018
464,Halcyon Manufacturing,procurement464@halcyonsupply.com,Portland,USA,14-03-2022
465,Kairo Manufacturing,procurement465@kairosupply.com,Los Angeles,USA,14-12-2017
466,Zentra Manufacturing,procurement466@zentrasupply.com,Seattle,USA,27-10-2017
467,Beacon Manufacturing,procurement467@beaconsupply.com,San Antonio,USA,29-11-2022
468,Statik Manufacturing,procurement468@statiksupply.com,Kolkata,India,03-12-2023
469,Crestview Manufacturing,procurement469@crestviewsupply.com,Chicago,USA,15-11-2022
470,Fenwick Manufacturing,procurement470@fenwicksupply.com,Manchester,UK,12-12-2018
471,Vivex Manufacturing,procurement471@vivexsupply.com,Sydney,Australia,29-09-2018
472,Vivex Manufacturing,procurement472@vivexsupply.com,Melbourne,Australia,20-11-2015
473,Fenwick Manufacturing,procurement473@fenwicksupply.com,Hyderabad,India,01-08-2024
474,Alderwood Manufacturing,procurement474@alderwoodsupply.com,Columbus,USA,09-04-2014
475,Beacon Manufacturing,procurement475@beaconsupply.com,Melbourne,Australia,17-07-2014
476,Willowmere Manufacturing,procurement476@willowmeresupply.com,Seattle,USA,27-03-2026
477,Trueform Manufacturing,procurement477@trueformsupply.com,Munich,Germany,17-08-2024
478,Solace Manufacturing,procurement478@solacesupply.com,San Jose,USA,31-10-2017
479,Verdant Manufacturing,procurement479@verdantsupply.com,Pune,India,13-02-2025
480,Statik Manufacturing,procurement480@statiksupply.com,Chicago,USA,10-03-2018
481,Rosewood Manufacturing,procurement481@rosewoodsupply.com,Kolkata,India,24-01-2026
482,Marlowe Manufacturing,procurement482@marlowesupply.com,Singapore,Singapore,22-07-2015
483,Trueform Manufacturing,procurement483@trueformsupply.com,Atlanta,USA,08-04-2021
484,Trueform Manufacturing,procurement484@trueformsupply.com,Portland,USA,29-06-2021
485,Northgate Manufacturing,procurement485@northgatesupply.com,Minneapolis,USA,14-12-2019
486,Cascadia Manufacturing,procurement486@cascadiasupply.com,Manchester,UK,06-08-2019
487,Lumen Manufacturing,procurement487@lumensupply.com,Berlin,Germany,14-05-2024
488,Crestview Manufacturing,procurement488@crestviewsupply.com,Singapore,Singapore,15-02-2024
489,Willowmere Manufacturing,procurement489@willowmeresupply.com,Sydney,Australia,22-07-2022
490,Lumen Manufacturing,procurement490@lumensupply.com,Delhi,India,17-07-2025
491,Verdant Manufacturing,procurement491@verdantsupply.com,Leeds,UK,06-02-2020
492,Halcyon Manufacturing,procurement492@halcyonsupply.com,Minneapolis,USA,17-03-2015
493,Ironclad Manufacturing,procurement493@ironcladsupply.com,Charlotte,USA,27-10-2025
494,Rosewood Manufacturing,procurement494@rosewoodsupply.com,Boston,USA,14-01-2021
495,Alto Manufacturing,procurement495@altosupply.com,Melbourne,Australia,15-08-2019
496,Zentra Manufacturing,procurement496@zentrasupply.com,Osaka,Japan,04-06-2025
497,Cascadia Manufacturing,procurement497@cascadiasupply.com,Singapore,Singapore,22-06-2020
498,Nordwell Manufacturing,procurement498@nordwellsupply.com,San Jose,USA,02-03-2014
499,Cascadia Manufacturing,procurement499@cascadiasupply.com,Toronto,Canada,09-02-2024
500,Northgate Manufacturing,procurement500@northgatesupply.com,Leeds,UK,11-05-2014
501,Cascadia Manufacturing,procurement501@cascadiasupply.com,London,UK,27-08-2020
502,Beacon Manufacturing,procurement502@beaconsupply.com,Dallas,USA,13-08-2022
503,Crestview Manufacturing,procurement503@crestviewsupply.com,San Antonio,USA,16-03-2026
504,Novara Manufacturing,procurement504@novarasupply.com,Chennai,India,02-03-2015
505,Willowmere Manufacturing,procurement505@willowmeresupply.com,Chennai,India,19-07-2026
506,Rosewood Manufacturing,procurement506@rosewoodsupply.com,Dallas,USA,03-10-2018
507,Pinehurst Manufacturing,procurement507@pinehurstsupply.com,Calgary,Canada,09-08-2019
508,Verdant Manufacturing,procurement508@verdantsupply.com,New York,USA,12-02-2023
509,Solace Manufacturing,procurement509@solacesupply.com,San Jose,USA,12-03-2015
510,Fenwick Manufacturing,procurement510@fenwicksupply.com,Manchester,UK,05-09-2015
511,Novara Manufacturing,procurement511@novarasupply.com,Kolkata,India,23-06-2021
512,Brightline Manufacturing,procurement512@brightlinesupply.com,Birmingham,UK,09-07-2026
513,Pinehurst Manufacturing,procurement513@pinehurstsupply.com,Ahmedabad,India,28-03-2015
514,Kestrel Manufacturing,procurement514@kestrelsupply.com,Vancouver,Canada,29-08-2016
515,Willowmere Manufacturing,procurement515@willowmeresupply.com,Kolkata,India,17-01-2020
516,Novara Manufacturing,procurement516@novarasupply.com,Chicago,USA,28-11-2016
517,Solace Manufacturing,procurement517@solacesupply.com,Miami,USA,09-06-2017
518,Cascadia Manufacturing,procurement518@cascadiasupply.com,Leeds,UK,14-05-2014
519,Beacon Manufacturing,procurement519@beaconsupply.com,Sydney,Australia,16-09-2025
520,Northgate Manufacturing,procurement520@northgatesupply.com,Leeds,UK,30-11-2024
521,Verdant Manufacturing,procurement521@verdantsupply.com,Singapore,Singapore,09-06-2021
522,Marlowe Manufacturing,procurement522@marlowesupply.com,Minneapolis,USA,29-11-2022
523,Alto Manufacturing,procurement523@altosupply.com,Bangalore,India,06-05-2016
524,Alderwood Manufacturing,procurement524@alderwoodsupply.com,Berlin,Germany,08-01-2014
525,Northgate Manufacturing,procurement525@northgatesupply.com,Mumbai,India,21-03-2019
526,Crestview Manufacturing,procurement526@crestviewsupply.com,Los Angeles,USA,28-03-2019
527,Vivex Manufacturing,procurement527@vivexsupply.com,Hamburg,Germany,30-10-2022
528,Statik Manufacturing,procurement528@statiksupply.com,Osaka,Japan,28-07-2018
529,Marlowe Manufacturing,procurement529@marlowesupply.com,Singapore,Singapore,20-12-2020
530,Kestrel Manufacturing,procurement530@kestrelsupply.com,Kolkata,India,16-05-2023
531,Alderwood Manufacturing,procurement531@alderwoodsupply.com,Brisbane,Australia,06-10-2025
532,Lumen Manufacturing,procurement532@lumensupply.com,Boston,USA,18-11-2022
533,Verdant Manufacturing,procurement533@verdantsupply.com,Philadelphia,USA,06-04-2022
534,Kairo Manufacturing,procurement534@kairosupply.com,Dallas,USA,22-11-2014
535,Marlowe Manufacturing,procurement535@marlowesupply.com,Tokyo,Japan,07-09-2015
536,Kairo Manufacturing,procurement536@kairosupply.com,Dallas,USA,12-02-2022
537,Solace Manufacturing,procurement537@solacesupply.com,Lyon,France,05-10-2017
538,Verdant Manufacturing,procurement538@verdantsupply.com,Ahmedabad,India,31-01-2025
539,Solace Manufacturing,procurement539@solacesupply.com,Toronto,Canada,29-06-2021
540,Zentra Manufacturing,procurement540@zentrasupply.com,Tokyo,Japan,13-06-2017
541,Statik Manufacturing,procurement541@statiksupply.com,Seattle,USA,07-01-2014
542,Cascadia Manufacturing,procurement542@cascadiasupply.com,Delhi,India,09-09-2022
543,Solace Manufacturing,procurement543@solacesupply.com,Boston,USA,06-11-2025
544,Beacon Manufacturing,procurement544@beaconsupply.com,Bangalore,India,20-07-2023
545,Rosewood Manufacturing,procurement545@rosewoodsupply.com,Mumbai,India,19-10-2021
546,Trueform Manufacturing,procurement546@trueformsupply.com,Manchester,UK,16-11-2018
547,Trueform Manufacturing,procurement547@trueformsupply.com,Phoenix,USA,28-05-2024
548,Halcyon Manufacturing,procurement548@halcyonsupply.com,Tokyo,Japan,20-12-2021
549,Willowmere Manufacturing,procurement549@willowmeresupply.com,Singapore,Singapore,04-05-2016
550,Kestrel Manufacturing,procurement550@kestrelsupply.com,New York,USA,24-11-2015
551,Northgate Manufacturing,procurement551@northgatesupply.com,San Jose,USA,22-09-2020
552,Verdant Manufacturing,procurement552@verdantsupply.com,Phoenix,USA,30-06-2026
553,Fenwick Manufacturing,procurement553@fenwicksupply.com,Mumbai,India,18-01-2018
554,Zentra Manufacturing,procurement554@zentrasupply.com,Tokyo,Japan,21-09-2014
555,Cascadia Manufacturing,procurement555@cascadiasupply.com,Philadelphia,USA,26-11-2019
556,Alto Manufacturing,procurement556@altosupply.com,Toronto,Canada,11-03-2026
557,Beacon Manufacturing,procurement557@beaconsupply.com,Hamburg,Germany,01-01-2023
558,Kestrel Manufacturing,procurement558@kestrelsupply.com,Denver,USA,04-06-2015
559,Kestrel Manufacturing,procurement559@kestrelsupply.com,Lyon,France,10-08-2015
560,Vivex Manufacturing,procurement560@vivexsupply.com,Melbourne,Australia,25-11-2023
561,Kairo Manufacturing,procurement561@kairosupply.com,Chicago,USA,01-02-2024
562,Ironclad Manufacturing,procurement562@ironcladsupply.com,Portland,USA,19-05-2019
563,Novara Manufacturing,procurement563@novarasupply.com,Charlotte,USA,07-07-2015
564,Alderwood Manufacturing,procurement564@alderwoodsupply.com,Lyon,France,01-11-2016
565,Beacon Manufacturing,procurement565@beaconsupply.com,Chennai,India,02-06-2022
566,Lumen Manufacturing,procurement566@lumensupply.com,San Diego,USA,12-10-2016
567,Kestrel Manufacturing,procurement567@kestrelsupply.com,Osaka,Japan,30-07-2017
568,Kestrel Manufacturing,procurement568@kestrelsupply.com,Chennai,India,20-06-2014
569,Cascadia Manufacturing,procurement569@cascadiasupply.com,Miami,USA,19-01-2017
570,Northgate Manufacturing,procurement570@northgatesupply.com,Paris,France,21-08-2023
571,Alderwood Manufacturing,procurement571@alderwoodsupply.com,Atlanta,USA,16-05-2021
572,Willowmere Manufacturing,procurement572@willowmeresupply.com,Berlin,Germany,03-11-2023
573,Fenwick Manufacturing,procurement573@fenwicksupply.com,Boston,USA,25-11-2017
574,Nordwell Manufacturing,procurement574@nordwellsupply.com,Miami,USA,23-10-2023
575,Vivex Manufacturing,procurement575@vivexsupply.com,Calgary,Canada,07-06-2026
576,Beacon Manufacturing,procurement576@beaconsupply.com,San Antonio,USA,30-11-2023
577,Pinehurst Manufacturing,procurement577@pinehurstsupply.com,Pune,India,10-05-2023
578,Ironclad Manufacturing,procurement578@ironcladsupply.com,Kolkata,India,25-01-2020
579,Ironclad Manufacturing,procurement579@ironcladsupply.com,Ahmedabad,India,02-12-2021
580,Nordwell Manufacturing,procurement580@nordwellsupply.com,Atlanta,USA,25-10-2019
581,Alderwood Manufacturing,procurement581@alderwoodsupply.com,Tokyo,Japan,28-12-2020
582,Rosewood Manufacturing,procurement582@rosewoodsupply.com,Charlotte,USA,15-03-2016
583,Fenwick Manufacturing,procurement583@fenwicksupply.com,London,UK,22-06-2020
584,Ironclad Manufacturing,procurement584@ironcladsupply.com,Berlin,Germany,28-10-2016
585,Nordwell Manufacturing,procurement585@nordwellsupply.com,Chennai,India,17-08-2020
586,Pinehurst Manufacturing,procurement586@pinehurstsupply.com,Charlotte,USA,10-03-2014
587,Alto Manufacturing,procurement587@altosupply.com,Tokyo,Japan,28-02-2016
588,Willowmere Manufacturing,procurement588@willowmeresupply.com,Toronto,Canada,17-11-2019
589,Statik Manufacturing,procurement589@statiksupply.com,Sydney,Australia,14-02-2021
590,Statik Manufacturing,procurement590@statiksupply.com,Austin,USA,19-05-2021
591,Marlowe Manufacturing,procurement591@marlowesupply.com,Bangalore,India,28-07-2021
592,Willowmere Manufacturing,procurement592@willowmeresupply.com,Manchester,UK,12-09-2019
593,Fenwick Manufacturing,procurement593@fenwicksupply.com,Portland,USA,18-08-2022
594,Novara Manufacturing,procurement594@novarasupply.com,Dallas,USA,13-05-2020
595,Ironclad Manufacturing,procurement595@ironcladsupply.com,Montreal,Canada,01-12-2025
596,Kestrel Manufacturing,procurement596@kestrelsupply.com,Phoenix,USA,14-06-2018
597,Lumen Manufacturing,procurement597@lumensupply.com,Brisbane,Australia,23-09-2015
598,Ironclad Manufacturing,procurement598@ironcladsupply.com,Bangalore,India,19-06-2016
599,Lumen Manufacturing,procurement599@lumensupply.com,Vancouver,Canada,09-01-2020
600,Cascadia Manufacturing,procurement600@cascadiasupply.com,Chicago,USA,20-09-2015
601,Vivex Manufacturing,procurement601@vivexsupply.com,Columbus,USA,11-03-2020
602,Halcyon Manufacturing,procurement602@halcyonsupply.com,Toronto,Canada,13-07-2024
603,Alto Manufacturing,procurement603@altosupply.com,Chicago,USA,26-08-2025
604,Northgate Manufacturing,procurement604@northgatesupply.com,Tokyo,Japan,31-12-2022
605,Rosewood Manufacturing,procurement605@rosewoodsupply.com,Osaka,Japan,25-10-2015
606,Crestview Manufacturing,procurement606@crestviewsupply.com,Munich,Germany,05-06-2017
607,Cascadia Manufacturing,procurement607@cascadiasupply.com,Munich,Germany,11-06-2021
608,Cascadia Manufacturing,procurement608@cascadiasupply.com,San Antonio,USA,05-09-2016
609,Trueform Manufacturing,procurement609@trueformsupply.com,Toronto,Canada,19-04-2018
610,Brightline Manufacturing,procurement610@brightlinesupply.com,Houston,USA,02-10-2023
611,Halcyon Manufacturing,procurement611@halcyonsupply.com,Columbus,USA,05-05-2019
612,Nordwell Manufacturing,procurement612@nordwellsupply.com,San Diego,USA,07-10-2014
613,Kestrel Manufacturing,procurement613@kestrelsupply.com,Kolkata,India,26-10-2022
614,Cascadia Manufacturing,procurement614@cascadiasupply.com,Portland,USA,04-06-2026
615,Fenwick Manufacturing,procurement615@fenwicksupply.com,Birmingham,UK,16-02-2021
616,Brightline Manufacturing,procurement616@brightlinesupply.com,Austin,USA,17-08-2025
617,Ironclad Manufacturing,procurement617@ironcladsupply.com,Melbourne,Australia,28-03-2023
618,Rosewood Manufacturing,procurement618@rosewoodsupply.com,London,UK,04-05-2014
619,Ironclad Manufacturing,procurement619@ironcladsupply.com,Pune,India,18-07-2018
620,Zentra Manufacturing,procurement620@zentrasupply.com,San Jose,USA,03-03-2023
621,Nordwell Manufacturing,procurement621@nordwellsupply.com,Munich,Germany,18-01-2026
622,Zentra Manufacturing,procurement622@zentrasupply.com,Delhi,India,29-01-2014
623,Lumen Manufacturing,procurement623@lumensupply.com,Minneapolis,USA,23-11-2024
624,Halcyon Manufacturing,procurement624@halcyonsupply.com,Minneapolis,USA,21-10-2021
625,Vivex Manufacturing,procurement625@vivexsupply.com,Charlotte,USA,29-10-2024
626,Cascadia Manufacturing,procurement626@cascadiasupply.com,Brisbane,Australia,29-07-2018
627,Zentra Manufacturing,procurement627@zentrasupply.com,San Diego,USA,11-11-2023
628,Ironclad Manufacturing,procurement628@ironcladsupply.com,Austin,USA,09-12-2023
629,Cascadia Manufacturing,procurement629@cascadiasupply.com,Sydney,Australia,31-05-2025
630,Verdant Manufacturing,procurement630@verdantsupply.com,Singapore,Singapore,05-05-2020
631,Kestrel Manufacturing,procurement631@kestrelsupply.com,Portland,USA,29-01-2019
632,Alto Manufacturing,procurement632@altosupply.com,Charlotte,USA,06-08-2023
633,Vivex Manufacturing,procurement633@vivexsupply.com,Columbus,USA,21-04-2025
634,Statik Manufacturing,procurement634@statiksupply.com,Birmingham,UK,29-01-2023
635,Halcyon Manufacturing,procurement635@halcyonsupply.com,Melbourne,Australia,07-10-2025
636,Brightline Manufacturing,procurement636@brightlinesupply.com,Dallas,USA,10-04-2018
637,Ironclad Manufacturing,procurement637@ironcladsupply.com,Tokyo,Japan,15-05-2015
638,Nordwell Manufacturing,procurement638@nordwellsupply.com,Melbourne,Australia,13-06-2015
639,Nordwell Manufacturing,procurement639@nordwellsupply.com,Minneapolis,USA,10-06-2024
640,Pinehurst Manufacturing,procurement640@pinehurstsupply.com,Sydney,Australia,09-07-2024
641,Willowmere Manufacturing,procurement641@willowmeresupply.com,Los Angeles,USA,03-07-2021
642,Crestview Manufacturing,procurement642@crestviewsupply.com,London,UK,12-03-2015
643,Ironclad Manufacturing,procurement643@ironcladsupply.com,Brisbane,Australia,15-10-2016
644,Alderwood Manufacturing,procurement644@alderwoodsupply.com,Berlin,Germany,26-05-2023
645,Nordwell Manufacturing,procurement645@nordwellsupply.com,Houston,USA,27-12-2014
646,Vivex Manufacturing,procurement646@vivexsupply.com,Atlanta,USA,14-06-2025
647,Alderwood Manufacturing,procurement647@alderwoodsupply.com,Vancouver,Canada,27-04-2019
648,Northgate Manufacturing,procurement648@northgatesupply.com,Houston,USA,17-04-2019
649,Beacon Manufacturing,procurement649@beaconsupply.com,Munich,Germany,06-07-2023
650,Zentra Manufacturing,procurement650@zentrasupply.com,Birmingham,UK,19-07-2023
651,Northgate Manufacturing,procurement651@northgatesupply.com,Chicago,USA,20-07-2017
652,Verdant Manufacturing,procurement652@verdantsupply.com,Chennai,India,22-02-2020
653,Solace Manufacturing,procurement653@solacesupply.com,Birmingham,UK,09-10-2015
654,Kestrel Manufacturing,procurement654@kestrelsupply.com,Seattle,USA,03-04-2023
655,Rosewood Manufacturing,procurement655@rosewoodsupply.com,Mumbai,India,06-10-2018
656,Lumen Manufacturing,procurement656@lumensupply.com,Calgary,Canada,11-11-2023
657,Northgate Manufacturing,procurement657@northgatesupply.com,San Jose,USA,10-08-2022
658,Crestview Manufacturing,procurement658@crestviewsupply.com,Manchester,UK,18-02-2021
659,Marlowe Manufacturing,procurement659@marlowesupply.com,Munich,Germany,29-08-2020
660,Fenwick Manufacturing,procurement660@fenwicksupply.com,Montreal,Canada,23-08-2017
661,Cascadia Manufacturing,procurement661@cascadiasupply.com,Berlin,Germany,06-10-2023
662,Alderwood Manufacturing,procurement662@alderwoodsupply.com,Mumbai,India,12-07-2020
663,Halcyon Manufacturing,procurement663@halcyonsupply.com,Portland,USA,22-11-2018
664,Alto Manufacturing,procurement664@altosupply.com,Singapore,Singapore,17-01-2014
665,Nordwell Manufacturing,procurement665@nordwellsupply.com,London,UK,28-05-2016
666,Alderwood Manufacturing,procurement666@alderwoodsupply.com,Phoenix,USA,29-01-2025
667,Halcyon Manufacturing,procurement667@halcyonsupply.com,Denver,USA,21-07-2026
668,Vivex Manufacturing,procurement668@vivexsupply.com,Osaka,Japan,03-12-2015
669,Crestview Manufacturing,procurement669@crestviewsupply.com,Austin,USA,08-10-2019
670,Verdant Manufacturing,procurement670@verdantsupply.com,Calgary,Canada,24-11-2014
671,Alderwood Manufacturing,procurement671@alderwoodsupply.com,Melbourne,Australia,20-01-2015
672,Lumen Manufacturing,procurement672@lumensupply.com,London,UK,06-05-2017
673,Halcyon Manufacturing,procurement673@halcyonsupply.com,Mumbai,India,28-07-2024
674,Kestrel Manufacturing,procurement674@kestrelsupply.com,Houston,USA,09-09-2021
675,Willowmere Manufacturing,procurement675@willowmeresupply.com,Calgary,Canada,06-05-2021
676,Solace Manufacturing,procurement676@solacesupply.com,Tokyo,Japan,22-04-2026
677,Brightline Manufacturing,procurement677@brightlinesupply.com,Dallas,USA,17-09-2016
678,Crestview Manufacturing,procurement678@crestviewsupply.com,Columbus,USA,07-06-2022
679,Brightline Manufacturing,procurement679@brightlinesupply.com,Philadelphia,USA,06-11-2024
680,Halcyon Manufacturing,procurement680@halcyonsupply.com,Philadelphia,USA,11-08-2023
681,Rosewood Manufacturing,procurement681@rosewoodsupply.com,Montreal,Canada,22-12-2023
682,Beacon Manufacturing,procurement682@beaconsupply.com,Houston,USA,30-11-2015
683,Brightline Manufacturing,procurement683@brightlinesupply.com,Berlin,Germany,01-12-2018
684,Willowmere Manufacturing,procurement684@willowmeresupply.com,Charlotte,USA,18-12-2021
685,Zentra Manufacturing,procurement685@zentrasupply.com,Delhi,India,06-11-2014
686,Vivex Manufacturing,procurement686@vivexsupply.com,Melbourne,Australia,15-01-2025
687,Kairo Manufacturing,procurement687@kairosupply.com,San Jose,USA,18-08-2016
688,Alderwood Manufacturing,procurement688@alderwoodsupply.com,Brisbane,Australia,18-09-2021
689,Beacon Manufacturing,procurement689@beaconsupply.com,San Diego,USA,21-10-2023
690,Statik Manufacturing,procurement690@statiksupply.com,Sydney,Australia,11-07-2026
691,Beacon Manufacturing,procurement691@beaconsupply.com,Houston,USA,28-05-2021
692,Zentra Manufacturing,procurement692@zentrasupply.com,San Antonio,USA,13-04-2023
693,Nordwell Manufacturing,procurement693@nordwellsupply.com,Birmingham,UK,24-11-2021
694,Marlowe Manufacturing,procurement694@marlowesupply.com,Lyon,France,27-09-2024
695,Zentra Manufacturing,procurement695@zentrasupply.com,Manchester,UK,13-09-2021
696,Lumen Manufacturing,procurement696@lumensupply.com,Boston,USA,28-09-2016
697,Alderwood Manufacturing,procurement697@alderwoodsupply.com,Brisbane,Australia,06-06-2025
698,Verdant Manufacturing,procurement698@verdantsupply.com,San Diego,USA,28-11-2019
699,Nordwell Manufacturing,procurement699@nordwellsupply.com,Sydney,Australia,26-04-2018
700,Willowmere Manufacturing,procurement700@willowmeresupply.com,Hyderabad,India,30-05-2022
701,Alderwood Manufacturing,procurement701@alderwoodsupply.com,Delhi,India,21-12-2016
702,Solace Manufacturing,procurement702@solacesupply.com,Bangalore,India,05-06-2014
703,Pinehurst Manufacturing,procurement703@pinehurstsupply.com,Houston,USA,23-03-2019
704,Willowmere Manufacturing,procurement704@willowmeresupply.com,Birmingham,UK,04-10-2015
705,Beacon Manufacturing,procurement705@beaconsupply.com,Boston,USA,23-02-2015
706,Crestview Manufacturing,procurement706@crestviewsupply.com,Seattle,USA,27-04-2016
707,Nordwell Manufacturing,procurement707@nordwellsupply.com,Calgary,Canada,09-03-2018
708,Pinehurst Manufacturing,procurement708@pinehurstsupply.com,San Jose,USA,05-07-2023
709,Willowmere Manufacturing,procurement709@willowmeresupply.com,Kolkata,India,08-03-2020
710,Alto Manufacturing,procurement710@altosupply.com,Tokyo,Japan,12-06-2024
711,Alto Manufacturing,procurement711@altosupply.com,Sydney,Australia,19-02-2025
712,Statik Manufacturing,procurement712@statiksupply.com,Bangalore,India,06-07-2021
713,Pinehurst Manufacturing,procurement713@pinehurstsupply.com,Miami,USA,21-12-2024
714,Brightline Manufacturing,procurement714@brightlinesupply.com,Chicago,USA,20-07-2023
715,Willowmere Manufacturing,procurement715@willowmeresupply.com,Austin,USA,02-12-2022
716,Kestrel Manufacturing,procurement716@kestrelsupply.com,Columbus,USA,11-11-2017
717,Halcyon Manufacturing,procurement717@halcyonsupply.com,Vancouver,Canada,10-05-2018
718,Verdant Manufacturing,procurement718@verdantsupply.com,Los Angeles,USA,13-05-2017
719,Ironclad Manufacturing,procurement719@ironcladsupply.com,Montreal,Canada,14-09-2025
720,Rosewood Manufacturing,procurement720@rosewoodsupply.com,Calgary,Canada,24-07-2016
721,Trueform Manufacturing,procurement721@trueformsupply.com,Miami,USA,05-04-2024
722,Ironclad Manufacturing,procurement722@ironcladsupply.com,Hamburg,Germany,27-10-2021
723,Pinehurst Manufacturing,procurement723@pinehurstsupply.com,Delhi,India,12-08-2018
724,Verdant Manufacturing,procurement724@verdantsupply.com,Los Angeles,USA,14-12-2023
725,Willowmere Manufacturing,procurement725@willowmeresupply.com,Chennai,India,13-11-2018
726,Trueform Manufacturing,procurement726@trueformsupply.com,Calgary,Canada,08-06-2025
727,Cascadia Manufacturing,procurement727@cascadiasupply.com,New York,USA,30-03-2020
728,Trueform Manufacturing,procurement728@trueformsupply.com,Pune,India,04-07-2023
729,Fenwick Manufacturing,procurement729@fenwicksupply.com,Delhi,India,04-01-2017
730,Alto Manufacturing,procurement730@altosupply.com,Denver,USA,30-04-2022
731,Alderwood Manufacturing,procurement731@alderwoodsupply.com,Los Angeles,USA,26-10-2023
732,Willowmere Manufacturing,procurement732@willowmeresupply.com,Sydney,Australia,20-02-2016
733,Kairo Manufacturing,procurement733@kairosupply.com,Vancouver,Canada,12-07-2016
734,Pinehurst Manufacturing,procurement734@pinehurstsupply.com,Ahmedabad,India,23-07-2025
735,Brightline Manufacturing,procurement735@brightlinesupply.com,Montreal,Canada,03-08-2022
736,Northgate Manufacturing,procurement736@northgatesupply.com,Munich,Germany,28-05-2021
737,Ironclad Manufacturing,procurement737@ironcladsupply.com,Atlanta,USA,20-07-2026
738,Nordwell Manufacturing,procurement738@nordwellsupply.com,Los Angeles,USA,19-05-2021
739,Rosewood Manufacturing,procurement739@rosewoodsupply.com,Houston,USA,09-01-2017
740,Marlowe Manufacturing,procurement740@marlowesupply.com,Berlin,Germany,23-03-2019
741,Brightline Manufacturing,procurement741@brightlinesupply.com,Munich,Germany,25-10-2020
742,Alto Manufacturing,procurement742@altosupply.com,Sydney,Australia,27-01-2025
743,Northgate Manufacturing,procurement743@northgatesupply.com,Phoenix,USA,28-02-2014
744,Halcyon Manufacturing,procurement744@halcyonsupply.com,Los Angeles,USA,19-07-2017
745,Willowmere Manufacturing,procurement745@willowmeresupply.com,Singapore,Singapore,08-09-2020
746,Alto Manufacturing,procurement746@altosupply.com,Birmingham,UK,27-01-2019
747,Novara Manufacturing,procurement747@novarasupply.com,Dallas,USA,09-06-2023
748,Marlowe Manufacturing,procurement748@marlowesupply.com,Melbourne,Australia,10-10-2016
749,Trueform Manufacturing,procurement749@trueformsupply.com,Toronto,Canada,06-12-2014
750,Crestview Manufacturing,procurement750@crestviewsupply.com,Melbourne,Australia,26-03-2017
751,Alto Manufacturing,procurement751@altosupply.com,Leeds,UK,04-11-2018
752,Brightline Manufacturing,procurement752@brightlinesupply.com,Phoenix,USA,09-10-2024
753,Kestrel Manufacturing,procurement753@kestrelsupply.com,Sydney,Australia,10-03-2015
754,Cascadia Manufacturing,procurement754@cascadiasupply.com,Los Angeles,USA,11-12-2015
755,Vivex Manufacturing,procurement755@vivexsupply.com,Hyderabad,India,14-02-2018
756,Rosewood Manufacturing,procurement756@rosewoodsupply.com,Hyderabad,India,22-02-2023
757,Vivex Manufacturing,procurement757@vivexsupply.com,Boston,USA,08-05-2019
758,Zentra Manufacturing,procurement758@zentrasupply.com,Phoenix,USA,03-12-2025
759,Marlowe Manufacturing,procurement759@marlowesupply.com,Brisbane,Australia,16-10-2018
760,Halcyon Manufacturing,procurement760@halcyonsupply.com,San Jose,USA,23-02-2022
761,Crestview Manufacturing,procurement761@crestviewsupply.com,Hyderabad,India,25-08-2024
762,Northgate Manufacturing,procurement762@northgatesupply.com,Charlotte,USA,19-01-2026
763,Novara Manufacturing,procurement763@novarasupply.com,Brisbane,Australia,01-02-2023
764,Trueform Manufacturing,procurement764@trueformsupply.com,Hamburg,Germany,14-02-2016
765,Lumen Manufacturing,procurement765@lumensupply.com,Charlotte,USA,14-01-2023
766,Zentra Manufacturing,procurement766@zentrasupply.com,Boston,USA,02-02-2022
767,Alto Manufacturing,procurement767@altosupply.com,Paris,France,12-02-2025
768,Kestrel Manufacturing,procurement768@kestrelsupply.com,Mumbai,India,14-08-2023
769,Trueform Manufacturing,procurement769@trueformsupply.com,Birmingham,UK,17-12-2021
770,Solace Manufacturing,procurement770@solacesupply.com,Bangalore,India,05-12-2014
771,Alderwood Manufacturing,procurement771@alderwoodsupply.com,Berlin,Germany,11-01-2020
772,Verdant Manufacturing,procurement772@verdantsupply.com,Toronto,Canada,29-01-2023
773,Pinehurst Manufacturing,procurement773@pinehurstsupply.com,Hyderabad,India,17-02-2023
774,Kestrel Manufacturing,procurement774@kestrelsupply.com,Bangalore,India,16-02-2024
775,Beacon Manufacturing,procurement775@beaconsupply.com,Boston,USA,16-05-2020
776,Lumen Manufacturing,procurement776@lumensupply.com,Munich,Germany,04-02-2024
777,Ironclad Manufacturing,procurement777@ironcladsupply.com,Singapore,Singapore,27-06-2019
778,Crestview Manufacturing,procurement778@crestviewsupply.com,Kolkata,India,03-02-2015
779,Fenwick Manufacturing,procurement779@fenwicksupply.com,Osaka,Japan,04-04-2020
780,Nordwell Manufacturing,procurement780@nordwellsupply.com,Philadelphia,USA,21-04-2016
781,Fenwick Manufacturing,procurement781@fenwicksupply.com,Osaka,Japan,06-06-2020
782,Trueform Manufacturing,procurement782@trueformsupply.com,Vancouver,Canada,26-04-2016
783,Kestrel Manufacturing,procurement783@kestrelsupply.com,Munich,Germany,07-11-2024
784,Alto Manufacturing,procurement784@altosupply.com,Hamburg,Germany,19-01-2017
785,Statik Manufacturing,procurement785@statiksupply.com,Berlin,Germany,10-02-2017
786,Vivex Manufacturing,procurement786@vivexsupply.com,Austin,USA,21-01-2024
787,Brightline Manufacturing,procurement787@brightlinesupply.com,Atlanta,USA,15-09-2014
788,Alto Manufacturing,procurement788@altosupply.com,Osaka,Japan,03-11-2022
789,Willowmere Manufacturing,procurement789@willowmeresupply.com,Munich,Germany,25-10-2014
790,Rosewood Manufacturing,procurement790@rosewoodsupply.com,Birmingham,UK,01-04-2020
791,Solace Manufacturing,procurement791@solacesupply.com,Munich,Germany,30-11-2018
792,Zentra Manufacturing,procurement792@zentrasupply.com,Toronto,Canada,22-02-2019
793,Ironclad Manufacturing,procurement793@ironcladsupply.com,Singapore,Singapore,21-04-2017
794,Solace Manufacturing,procurement794@solacesupply.com,Delhi,India,09-02-2018
795,Beacon Manufacturing,procurement795@beaconsupply.com,Sydney,Australia,03-08-2021
796,Pinehurst Manufacturing,procurement796@pinehurstsupply.com,Hyderabad,India,03-08-2023
797,Halcyon Manufacturing,procurement797@halcyonsupply.com,Vancouver,Canada,14-05-2014
798,Trueform Manufacturing,procurement798@trueformsupply.com,Tokyo,Japan,17-02-2015
799,Halcyon Manufacturing,procurement799@halcyonsupply.com,Atlanta,USA,25-04-2020
800,Kairo Manufacturing,procurement800@kairosupply.com,Los Angeles,USA,14-05-2017
801,Trueform Manufacturing,procurement801@trueformsupply.com,Leeds,UK,17-10-2021
802,Alderwood Manufacturing,procurement802@alderwoodsupply.com,Austin,USA,01-07-2019
803,Marlowe Manufacturing,procurement803@marlowesupply.com,Melbourne,Australia,18-01-2025
804,Kairo Manufacturing,procurement804@kairosupply.com,Leeds,UK,10-01-2019
805,Solace Manufacturing,procurement805@solacesupply.com,Calgary,Canada,21-04-2022
806,Alderwood Manufacturing,procurement806@alderwoodsupply.com,Columbus,USA,06-05-2024
807,Ironclad Manufacturing,procurement807@ironcladsupply.com,Portland,USA,06-06-2019
808,Alto Manufacturing,procurement808@altosupply.com,Vancouver,Canada,02-11-2018
809,Ironclad Manufacturing,procurement809@ironcladsupply.com,Miami,USA,28-06-2023
810,Willowmere Manufacturing,procurement810@willowmeresupply.com,Minneapolis,USA,31-10-2025
811,Crestview Manufacturing,procurement811@crestviewsupply.com,Toronto,Canada,21-09-2022
812,Crestview Manufacturing,procurement812@crestviewsupply.com,Bangalore,India,30-06-2019
813,Kairo Manufacturing,procurement813@kairosupply.com,Melbourne,Australia,18-10-2019
814,Verdant Manufacturing,procurement814@verdantsupply.com,Hyderabad,India,05-05-2017
815,Novara Manufacturing,procurement815@novarasupply.com,San Jose,USA,08-07-2024
816,Beacon Manufacturing,procurement816@beaconsupply.com,Singapore,Singapore,22-05-2017
817,Marlowe Manufacturing,procurement817@marlowesupply.com,San Antonio,USA,19-11-2024
818,Nordwell Manufacturing,procurement818@nordwellsupply.com,Berlin,Germany,23-03-2021
819,Trueform Manufacturing,procurement819@trueformsupply.com,Birmingham,UK,20-06-2022
820,Novara Manufacturing,procurement820@novarasupply.com,San Diego,USA,24-05-2018
821,Willowmere Manufacturing,procurement821@willowmeresupply.com,San Jose,USA,15-03-2020
822,Alto Manufacturing,procurement822@altosupply.com,Osaka,Japan,17-06-2015
823,Alderwood Manufacturing,procurement823@alderwoodsupply.com,Portland,USA,22-06-2015
824,Vivex Manufacturing,procurement824@vivexsupply.com,Dallas,USA,24-01-2014
825,Cascadia Manufacturing,procurement825@cascadiasupply.com,San Jose,USA,21-02-2025
826,Halcyon Manufacturing,procurement826@halcyonsupply.com,Atlanta,USA,28-10-2019
827,Lumen Manufacturing,procurement827@lumensupply.com,San Diego,USA,07-05-2019
828,Verdant Manufacturing,procurement828@verdantsupply.com,Austin,USA,13-08-2020
829,Vivex Manufacturing,procurement829@vivexsupply.com,Ahmedabad,India,19-09-2025
830,Beacon Manufacturing,procurement830@beaconsupply.com,Birmingham,UK,19-11-2016
831,Trueform Manufacturing,procurement831@trueformsupply.com,Brisbane,Australia,20-03-2018
832,Brightline Manufacturing,procurement832@brightlinesupply.com,Charlotte,USA,02-05-2020
833,Fenwick Manufacturing,procurement833@fenwicksupply.com,Los Angeles,USA,10-05-2025
834,Alto Manufacturing,procurement834@altosupply.com,Miami,USA,23-03-2020
835,Marlowe Manufacturing,procurement835@marlowesupply.com,San Jose,USA,30-05-2018
836,Nordwell Manufacturing,procurement836@nordwellsupply.com,Melbourne,Australia,09-04-2023
837,Beacon Manufacturing,procurement837@beaconsupply.com,Montreal,Canada,11-03-2024
838,Novara Manufacturing,procurement838@novarasupply.com,San Antonio,USA,17-10-2016
839,Beacon Manufacturing,procurement839@beaconsupply.com,Lyon,France,13-11-2023
840,Beacon Manufacturing,procurement840@beaconsupply.com,Hyderabad,India,14-06-2021
841,Lumen Manufacturing,procurement841@lumensupply.com,Philadelphia,USA,17-10-2022
842,Brightline Manufacturing,procurement842@brightlinesupply.com,Houston,USA,29-09-2015
843,Lumen Manufacturing,procurement843@lumensupply.com,Hyderabad,India,02-11-2016
844,Vivex Manufacturing,procurement844@vivexsupply.com,Atlanta,USA,15-10-2017
845,Solace Manufacturing,procurement845@solacesupply.com,Philadelphia,USA,13-11-2015
846,Marlowe Manufacturing,procurement846@marlowesupply.com,Montreal,Canada,13-10-2019
847,Verdant Manufacturing,procurement847@verdantsupply.com,London,UK,28-05-2024
848,Zentra Manufacturing,procurement848@zentrasupply.com,Singapore,Singapore,30-12-2017
849,Fenwick Manufacturing,procurement849@fenwicksupply.com,Boston,USA,22-02-2015
850,Nordwell Manufacturing,procurement850@nordwellsupply.com,Houston,USA,09-05-2019
851,Verdant Manufacturing,procurement851@verdantsupply.com,Minneapolis,USA,15-12-2025
852,Willowmere Manufacturing,procurement852@willowmeresupply.com,Austin,USA,26-03-2026
853,Crestview Manufacturing,procurement853@crestviewsupply.com,Los Angeles,USA,21-08-2021
854,Zentra Manufacturing,procurement854@zentrasupply.com,Phoenix,USA,20-03-2023
855,Trueform Manufacturing,procurement855@trueformsupply.com,Pune,India,17-06-2024
856,Statik Manufacturing,procurement856@statiksupply.com,Bangalore,India,16-10-2014
857,Zentra Manufacturing,procurement857@zentrasupply.com,London,UK,01-03-2020
858,Alderwood Manufacturing,procurement858@alderwoodsupply.com,Melbourne,Australia,28-10-2025
859,Verdant Manufacturing,procurement859@verdantsupply.com,Denver,USA,19-05-2022
860,Vivex Manufacturing,procurement860@vivexsupply.com,Brisbane,Australia,05-01-2026
861,Vivex Manufacturing,procurement861@vivexsupply.com,London,UK,07-07-2022
862,Kairo Manufacturing,procurement862@kairosupply.com,Vancouver,Canada,04-05-2023
863,Verdant Manufacturing,procurement863@verdantsupply.com,Kolkata,India,05-05-2014
864,Novara Manufacturing,procurement864@novarasupply.com,Ahmedabad,India,26-12-2016
865,Marlowe Manufacturing,procurement865@marlowesupply.com,Miami,USA,31-01-2016
866,Ironclad Manufacturing,procurement866@ironcladsupply.com,Calgary,Canada,30-06-2014
867,Nordwell Manufacturing,procurement867@nordwellsupply.com,Lyon,France,12-09-2017
868,Solace Manufacturing,procurement868@solacesupply.com,Berlin,Germany,08-05-2025
869,Cascadia Manufacturing,procurement869@cascadiasupply.com,Vancouver,Canada,29-10-2021
870,Brightline Manufacturing,procurement870@brightlinesupply.com,Munich,Germany,23-03-2015
871,Halcyon Manufacturing,procurement871@halcyonsupply.com,London,UK,11-07-2025
872,Marlowe Manufacturing,procurement872@marlowesupply.com,Singapore,Singapore,11-11-2024
873,Ironclad Manufacturing,procurement873@ironcladsupply.com,Pune,India,21-03-2023
874,Crestview Manufacturing,procurement874@crestviewsupply.com,Manchester,UK,02-01-2017
875,Kairo Manufacturing,procurement875@kairosupply.com,Mumbai,India,25-05-2026
876,Halcyon Manufacturing,procurement876@halcyonsupply.com,Mumbai,India,27-01-2026
877,Rosewood Manufacturing,procurement877@rosewoodsupply.com,Hyderabad,India,02-07-2019
878,Vivex Manufacturing,procurement878@vivexsupply.com,Miami,USA,10-06-2026
879,Pinehurst Manufacturing,procurement879@pinehurstsupply.com,Lyon,France,07-11-2019
880,Lumen Manufacturing,procurement880@lumensupply.com,Charlotte,USA,12-01-2017
881,Rosewood Manufacturing,procurement881@rosewoodsupply.com,Seattle,USA,23-11-2025
882,Alderwood Manufacturing,procurement882@alderwoodsupply.com,Seattle,USA,21-02-2014
883,Brightline Manufacturing,procurement883@brightlinesupply.com,Columbus,USA,08-10-2015
884,Northgate Manufacturing,procurement884@northgatesupply.com,Calgary,Canada,22-03-2017
885,Willowmere Manufacturing,procurement885@willowmeresupply.com,Tokyo,Japan,10-05-2025
886,Trueform Manufacturing,procurement886@trueformsupply.com,London,UK,19-05-2021
887,Alderwood Manufacturing,procurement887@alderwoodsupply.com,Delhi,India,16-01-2020
888,Novara Manufacturing,procurement888@novarasupply.com,Hamburg,Germany,17-01-2021
889,Rosewood Manufacturing,procurement889@rosewoodsupply.com,Phoenix,USA,22-08-2023
890,Zentra Manufacturing,procurement890@zentrasupply.com,Austin,USA,08-06-2014
891,Northgate Manufacturing,procurement891@northgatesupply.com,Columbus,USA,15-12-2025
892,Pinehurst Manufacturing,procurement892@pinehurstsupply.com,San Jose,USA,10-05-2023
893,Trueform Manufacturing,procurement893@trueformsupply.com,Atlanta,USA,11-01-2015
894,Beacon Manufacturing,procurement894@beaconsupply.com,Birmingham,UK,05-02-2019
895,Northgate Manufacturing,procurement895@northgatesupply.com,Pune,India,02-06-2015
896,Vivex Manufacturing,procurement896@vivexsupply.com,Delhi,India,05-02-2014
897,Statik Manufacturing,procurement897@statiksupply.com,New York,USA,03-08-2018
898,Rosewood Manufacturing,procurement898@rosewoodsupply.com,Delhi,India,31-07-2024
899,Solace Manufacturing,procurement899@solacesupply.com,Dallas,USA,29-09-2022
900,Cascadia Manufacturing,procurement900@cascadiasupply.com,Osaka,Japan,27-02-2015
901,Nordwell Manufacturing,procurement901@nordwellsupply.com,Lyon,France,14-05-2014
902,Beacon Manufacturing,procurement902@beaconsupply.com,Paris,France,29-08-2016
903,Rosewood Manufacturing,procurement903@rosewoodsupply.com,Minneapolis,USA,19-06-2016
904,Pinehurst Manufacturing,procurement904@pinehurstsupply.com,Hyderabad,India,07-12-2014
905,Northgate Manufacturing,procurement905@northgatesupply.com,Singapore,Singapore,05-04-2019
906,Willowmere Manufacturing,procurement906@willowmeresupply.com,Atlanta,USA,03-02-2022
907,Northgate Manufacturing,procurement907@northgatesupply.com,Los Angeles,USA,18-05-2021
908,Nordwell Manufacturing,procurement908@nordwellsupply.com,Boston,USA,08-02-2015
909,Halcyon Manufacturing,procurement909@halcyonsupply.com,Pune,India,18-07-2023
910,Fenwick Manufacturing,procurement910@fenwicksupply.com,Toronto,Canada,19-03-2018
911,Novara Manufacturing,procurement911@novarasupply.com,Miami,USA,04-07-2023
912,Trueform Manufacturing,procurement912@trueformsupply.com,Atlanta,USA,24-03-2016
913,Verdant Manufacturing,procurement913@verdantsupply.com,Kolkata,India,08-12-2021
914,Vivex Manufacturing,procurement914@vivexsupply.com,Tokyo,Japan,20-02-2017
915,Kairo Manufacturing,procurement915@kairosupply.com,Calgary,Canada,03-10-2018
916,Kestrel Manufacturing,procurement916@kestrelsupply.com,Atlanta,USA,01-12-2018
917,Vivex Manufacturing,procurement917@vivexsupply.com,Mumbai,India,03-01-2015
918,Cascadia Manufacturing,procurement918@cascadiasupply.com,Atlanta,USA,29-08-2023
919,Ironclad Manufacturing,procurement919@ironcladsupply.com,Columbus,USA,03-10-2016
920,Crestview Manufacturing,procurement920@crestviewsupply.com,Vancouver,Canada,28-12-2017
921,Marlowe Manufacturing,procurement921@marlowesupply.com,San Diego,USA,18-09-2025
922,Statik Manufacturing,procurement922@statiksupply.com,Minneapolis,USA,28-01-2018
923,Lumen Manufacturing,procurement923@lumensupply.com,Osaka,Japan,23-01-2022
924,Zentra Manufacturing,procurement924@zentrasupply.com,Boston,USA,23-03-2026
925,Rosewood Manufacturing,procurement925@rosewoodsupply.com,Minneapolis,USA,05-02-2015
926,Trueform Manufacturing,procurement926@trueformsupply.com,Singapore,Singapore,14-02-2016
927,Pinehurst Manufacturing,procurement927@pinehurstsupply.com,Tokyo,Japan,06-10-2023
928,Cascadia Manufacturing,procurement928@cascadiasupply.com,Montreal,Canada,08-06-2026
929,Solace Manufacturing,procurement929@solacesupply.com,Portland,USA,05-09-2023
930,Rosewood Manufacturing,procurement930@rosewoodsupply.com,Melbourne,Australia,02-09-2014
931,Kairo Manufacturing,procurement931@kairosupply.com,Paris,France,06-01-2025
932,Beacon Manufacturing,procurement932@beaconsupply.com,Boston,USA,11-11-2023
933,Northgate Manufacturing,procurement933@northgatesupply.com,Singapore,Singapore,18-09-2016
934,Alderwood Manufacturing,procurement934@alderwoodsupply.com,Los Angeles,USA,08-09-2025
935,Novara Manufacturing,procurement935@novarasupply.com,Los Angeles,USA,22-04-2020
936,Novara Manufacturing,procurement936@novarasupply.com,Atlanta,USA,28-01-2017
937,Statik Manufacturing,procurement937@statiksupply.com,Columbus,USA,02-12-2014
938,Nordwell Manufacturing,procurement938@nordwellsupply.com,Bangalore,India,29-12-2014
939,Cascadia Manufacturing,procurement939@cascadiasupply.com,San Diego,USA,09-12-2024
940,Pinehurst Manufacturing,procurement940@pinehurstsupply.com,Chicago,USA,04-07-2023
941,Zentra Manufacturing,procurement941@zentrasupply.com,San Jose,USA,31-03-2023
942,Verdant Manufacturing,procurement942@verdantsupply.com,London,UK,24-06-2017
943,Alderwood Manufacturing,procurement943@alderwoodsupply.com,Mumbai,India,02-06-2021
944,Vivex Manufacturing,procurement944@vivexsupply.com,Sydney,Australia,11-02-2025
945,Statik Manufacturing,procurement945@statiksupply.com,Pune,India,08-11-2021
946,Nordwell Manufacturing,procurement946@nordwellsupply.com,San Jose,USA,18-09-2022
947,Kairo Manufacturing,procurement947@kairosupply.com,Montreal,Canada,19-12-2025
948,Rosewood Manufacturing,procurement948@rosewoodsupply.com,Toronto,Canada,15-05-2026
949,Halcyon Manufacturing,procurement949@halcyonsupply.com,Atlanta,USA,27-03-2023
950,Halcyon Manufacturing,procurement950@halcyonsupply.com,Melbourne,Australia,03-09-2018
951,Cascadia Manufacturing,procurement951@cascadiasupply.com,Portland,USA,11-11-2016
952,Marlowe Manufacturing,procurement952@marlowesupply.com,Denver,USA,08-03-2017
953,Alto Manufacturing,procurement953@altosupply.com,Chennai,India,20-05-2017
954,Ironclad Manufacturing,procurement954@ironcladsupply.com,Dallas,USA,19-06-2017
955,Alderwood Manufacturing,procurement955@alderwoodsupply.com,Hamburg,Germany,03-04-2025
956,Fenwick Manufacturing,procurement956@fenwicksupply.com,Atlanta,USA,25-11-2015
957,Halcyon Manufacturing,procurement957@halcyonsupply.com,Seattle,USA,11-12-2018
958,Nordwell Manufacturing,procurement958@nordwellsupply.com,San Diego,USA,23-03-2018
959,Vivex Manufacturing,procurement959@vivexsupply.com,Kolkata,India,06-04-2024
960,Kairo Manufacturing,procurement960@kairosupply.com,Brisbane,Australia,05-10-2025
961,Brightline Manufacturing,procurement961@brightlinesupply.com,Lyon,France,10-12-2020
962,Trueform Manufacturing,procurement962@trueformsupply.com,Berlin,Germany,29-11-2014
963,Northgate Manufacturing,procurement963@northgatesupply.com,Seattle,USA,09-08-2017
964,Alto Manufacturing,procurement964@altosupply.com,Munich,Germany,23-04-2024
965,Statik Manufacturing,procurement965@statiksupply.com,Tokyo,Japan,29-05-2015
966,Northgate Manufacturing,procurement966@northgatesupply.com,Kolkata,India,13-02-2025
967,Alto Manufacturing,procurement967@altosupply.com,San Jose,USA,02-07-2019
968,Rosewood Manufacturing,procurement968@rosewoodsupply.com,Calgary,Canada,25-07-2014
969,Lumen Manufacturing,procurement969@lumensupply.com,Melbourne,Australia,13-02-2024
970,Brightline Manufacturing,procurement970@brightlinesupply.com,Chennai,India,15-11-2015
971,Kestrel Manufacturing,procurement971@kestrelsupply.com,Denver,USA,22-11-2018
972,Fenwick Manufacturing,procurement972@fenwicksupply.com,Calgary,Canada,24-11-2025
973,Lumen Manufacturing,procurement973@lumensupply.com,Chennai,India,16-09-2019
974,Trueform Manufacturing,procurement974@trueformsupply.com,Toronto,Canada,22-01-2015
975,Brightline Manufacturing,procurement975@brightlinesupply.com,Houston,USA,28-04-2026
976,Kairo Manufacturing,procurement976@kairosupply.com,Ahmedabad,India,02-11-2015
977,Kairo Manufacturing,procurement977@kairosupply.com,Chicago,USA,23-09-2015
978,Crestview Manufacturing,procurement978@crestviewsupply.com,Hyderabad,India,12-06-2024
979,Kestrel Manufacturing,procurement979@kestrelsupply.com,Brisbane,Australia,19-07-2026
980,Solace Manufacturing,procurement980@solacesupply.com,Miami,USA,29-10-2022
981,Zentra Manufacturing,procurement981@zentrasupply.com,Phoenix,USA,07-05-2018
982,Nordwell Manufacturing,procurement982@nordwellsupply.com,Atlanta,USA,19-02-2023
983,Fenwick Manufacturing,procurement983@fenwicksupply.com,Minneapolis,USA,06-02-2025
984,Solace Manufacturing,procurement984@solacesupply.com,Dallas,USA,12-02-2026
985,Kestrel Manufacturing,procurement985@kestrelsupply.com,Bangalore,India,21-01-2015
986,Trueform Manufacturing,procurement986@trueformsupply.com,Melbourne,Australia,06-12-2025
987,Rosewood Manufacturing,procurement987@rosewoodsupply.com,Ahmedabad,India,07-03-2023
988,Solace Manufacturing,procurement988@solacesupply.com,Osaka,Japan,06-07-2022
989,Kairo Manufacturing,procurement989@kairosupply.com,Birmingham,UK,06-03-2016
990,Brightline Manufacturing,procurement990@brightlinesupply.com,San Antonio,USA,25-07-2024
991,Beacon Manufacturing,procurement991@beaconsupply.com,Seattle,USA,25-01-2025
992,Ironclad Manufacturing,procurement992@ironcladsupply.com,Ahmedabad,India,31-05-2022
993,Vivex Manufacturing,procurement993@vivexsupply.com,Montreal,Canada,22-12-2023
994,Alderwood Manufacturing,procurement994@alderwoodsupply.com,Charlotte,USA,15-03-2014
995,Pinehurst Manufacturing,procurement995@pinehurstsupply.com,Osaka,Japan,11-01-2016
996,Marlowe Manufacturing,procurement996@marlowesupply.com,Hyderabad,India,29-09-2020
997,Lumen Manufacturing,procurement997@lumensupply.com,Columbus,USA,11-03-2026
998,Lumen Manufacturing,procurement998@lumensupply.com,Boston,USA,02-02-2022
999,Solace Manufacturing,procurement999@solacesupply.com,Paris,France,14-03-2024
1000,Solace Manufacturing,procurement1000@solacesupply.com,Boston,USA,20-02-2020
1001,Verdant Manufacturing,procurement1001@verdantsupply.com,Paris,France,21-04-2018
1002,Beacon Manufacturing,procurement1002@beaconsupply.com,Calgary,Canada,14-02-2024
1003,Vivex Manufacturing,procurement1003@vivexsupply.com,Berlin,Germany,23-12-2023
1004,Willowmere Manufacturing,procurement1004@willowmeresupply.com,Lyon,France,21-12-2014
1005,Solace Manufacturing,procurement1005@solacesupply.com,London,UK,22-09-2017
1006,Northgate Manufacturing,procurement1006@northgatesupply.com,Miami,USA,29-06-2015
1007,Cascadia Manufacturing,procurement1007@cascadiasupply.com,Tokyo,Japan,12-03-2026
1008,Brightline Manufacturing,procurement1008@brightlinesupply.com,Hamburg,Germany,16-12-2024
1009,Nordwell Manufacturing,procurement1009@nordwellsupply.com,San Jose,USA,28-05-2020
1010,Pinehurst Manufacturing,procurement1010@pinehurstsupply.com,Denver,USA,13-11-2023
1011,Zentra Manufacturing,procurement1011@zentrasupply.com,Ahmedabad,India,09-11-2024
1012,Novara Manufacturing,procurement1012@novarasupply.com,Pune,India,06-09-2024
1013,Beacon Manufacturing,procurement1013@beaconsupply.com,Charlotte,USA,12-05-2015
1014,Nordwell Manufacturing,procurement1014@nordwellsupply.com,Osaka,Japan,07-06-2021
1015,Crestview Manufacturing,procurement1015@crestviewsupply.com,Miami,USA,11-11-2023
1016,Zentra Manufacturing,procurement1016@zentrasupply.com,San Diego,USA,01-02-2018
1017,Rosewood Manufacturing,procurement1017@rosewoodsupply.com,Calgary,Canada,02-06-2015
1018,Trueform Manufacturing,procurement1018@trueformsupply.com,Manchester,UK,29-10-2015
1019,Verdant Manufacturing,procurement1019@verdantsupply.com,Paris,France,16-07-2019
1020,Verdant Manufacturing,procurement1020@verdantsupply.com,Philadelphia,USA,02-08-2023
1021,Zentra Manufacturing,procurement1021@zentrasupply.com,New York,USA,06-01-2026
1022,Halcyon Manufacturing,procurement1022@halcyonsupply.com,Los Angeles,USA,25-03-2025
1023,Rosewood Manufacturing,procurement1023@rosewoodsupply.com,Miami,USA,10-11-2017
1024,Marlowe Manufacturing,procurement1024@marlowesupply.com,Pune,India,26-12-2019
1025,Novara Manufacturing,procurement1025@novarasupply.com,Chicago,USA,18-09-2023
1026,Solace Manufacturing,procurement1026@solacesupply.com,San Antonio,USA,08-11-2022
1027,Alto Manufacturing,procurement1027@altosupply.com,New York,USA,11-04-2016
1028,Trueform Manufacturing,procurement1028@trueformsupply.com,Mumbai,India,07-06-2024
1029,Pinehurst Manufacturing,procurement1029@pinehurstsupply.com,Boston,USA,04-08-2022
1030,Nordwell Manufacturing,procurement1030@nordwellsupply.com,Austin,USA,04-07-2020
1031,Statik Manufacturing,procurement1031@statiksupply.com,Paris,France,20-05-2016
1032,Kairo Manufacturing,procurement1032@kairosupply.com,Birmingham,UK,16-12-2015
1033,Solace Manufacturing,procurement1033@solacesupply.com,Philadelphia,USA,18-06-2014
1034,Statik Manufacturing,procurement1034@statiksupply.com,Chennai,India,17-05-2015
1035,Verdant Manufacturing,procurement1035@verdantsupply.com,San Antonio,USA,24-02-2024
1036,Halcyon Manufacturing,procurement1036@halcyonsupply.com,Manchester,UK,30-08-2020
1037,Marlowe Manufacturing,procurement1037@marlowesupply.com,Minneapolis,USA,14-04-2016
1038,Northgate Manufacturing,procurement1038@northgatesupply.com,Vancouver,Canada,17-05-2017
1039,Solace Manufacturing,procurement1039@solacesupply.com,Atlanta,USA,11-02-2020
1040,Beacon Manufacturing,procurement1040@beaconsupply.com,Leeds,UK,05-07-2019
1041,Verdant Manufacturing,procurement1041@verdantsupply.com,Lyon,France,20-07-2019
1042,Vivex Manufacturing,procurement1042@vivexsupply.com,Calgary,Canada,10-01-2021
1043,Kairo Manufacturing,procurement1043@kairosupply.com,Bangalore,India,10-01-2019
1044,Beacon Manufacturing,procurement1044@beaconsupply.com,Vancouver,Canada,16-03-2022
1045,Beacon Manufacturing,procurement1045@beaconsupply.com,Leeds,UK,02-10-2024
1046,Marlowe Manufacturing,procurement1046@marlowesupply.com,Pune,India,03-06-2025
1047,Cascadia Manufacturing,procurement1047@cascadiasupply.com,Mumbai,India,20-06-2023
1048,Alderwood Manufacturing,procurement1048@alderwoodsupply.com,Berlin,Germany,12-02-2018
1049,Statik Manufacturing,procurement1049@statiksupply.com,Boston,USA,17-07-2022
1050,Novara Manufacturing,procurement1050@novarasupply.com,Kolkata,India,28-09-2023
1051,Crestview Manufacturing,procurement1051@crestviewsupply.com,San Diego,USA,25-04-2018
1052,Alto Manufacturing,procurement1052@altosupply.com,Denver,USA,31-07-2019
1053,Pinehurst Manufacturing,procurement1053@pinehurstsupply.com,Mumbai,India,13-11-2019
1054,Northgate Manufacturing,procurement1054@northgatesupply.com,Osaka,Japan,23-01-2025
1055,Brightline Manufacturing,procurement1055@brightlinesupply.com,Munich,Germany,10-05-2015
1056,Zentra Manufacturing,procurement1056@zentrasupply.com,Hamburg,Germany,20-08-2018
1057,Rosewood Manufacturing,procurement1057@rosewoodsupply.com,Kolkata,India,02-06-2015
1058,Northgate Manufacturing,procurement1058@northgatesupply.com,Osaka,Japan,15-01-2025
1059,Statik Manufacturing,procurement1059@statiksupply.com,Melbourne,Australia,09-08-2023
1060,Zentra Manufacturing,procurement1060@zentrasupply.com,Columbus,USA,23-10-2017
1061,Marlowe Manufacturing,procurement1061@marlowesupply.com,Melbourne,Australia,10-11-2023
1062,Zentra Manufacturing,procurement1062@zentrasupply.com,Seattle,USA,08-05-2017
1063,Crestview Manufacturing,procurement1063@crestviewsupply.com,Pune,India,10-01-2017
1064,Northgate Manufacturing,procurement1064@northgatesupply.com,Houston,USA,22-09-2025
1065,Statik Manufacturing,procurement1065@statiksupply.com,Mumbai,India,15-08-2016
1066,Lumen Manufacturing,procurement1066@lumensupply.com,Portland,USA,27-04-2024
1067,Zentra Manufacturing,procurement1067@zentrasupply.com,Los Angeles,USA,23-02-2022
1068,Statik Manufacturing,procurement1068@statiksupply.com,Charlotte,USA,31-01-2023
1069,Crestview Manufacturing,procurement1069@crestviewsupply.com,Toronto,Canada,02-03-2018
1070,Fenwick Manufacturing,procurement1070@fenwicksupply.com,San Antonio,USA,22-12-2014
1071,Cascadia Manufacturing,procurement1071@cascadiasupply.com,Osaka,Japan,29-12-2023
1072,Cascadia Manufacturing,procurement1072@cascadiasupply.com,London,UK,28-11-2020
1073,Ironclad Manufacturing,procurement1073@ironcladsupply.com,Calgary,Canada,16-02-2017
1074,Alto Manufacturing,procurement1074@altosupply.com,Delhi,India,17-01-2016
1075,Northgate Manufacturing,procurement1075@northgatesupply.com,Ahmedabad,India,01-07-2021
1076,Willowmere Manufacturing,procurement1076@willowmeresupply.com,Sydney,Australia,13-08-2024
1077,Statik Manufacturing,procurement1077@statiksupply.com,Pune,India,28-02-2025
1078,Nordwell Manufacturing,procurement1078@nordwellsupply.com,Ahmedabad,India,28-02-2020
1079,Fenwick Manufacturing,procurement1079@fenwicksupply.com,Seattle,USA,21-01-2025
1080,Pinehurst Manufacturing,procurement1080@pinehurstsupply.com,Phoenix,USA,26-04-2021
1081,Halcyon Manufacturing,procurement1081@halcyonsupply.com,Kolkata,India,04-06-2018
1082,Halcyon Manufacturing,procurement1082@halcyonsupply.com,Los Angeles,USA,17-09-2014
1083,Statik Manufacturing,procurement1083@statiksupply.com,Mumbai,India,17-06-2019
1084,Alderwood Manufacturing,procurement1084@alderwoodsupply.com,Manchester,UK,25-10-2015
1085,Fenwick Manufacturing,procurement1085@fenwicksupply.com,Osaka,Japan,28-12-2014
1086,Kestrel Manufacturing,procurement1086@kestrelsupply.com,San Diego,USA,04-07-2014
1087,Marlowe Manufacturing,procurement1087@marlowesupply.com,Singapore,Singapore,25-09-2023
1088,Alderwood Manufacturing,procurement1088@alderwoodsupply.com,Calgary,Canada,04-11-2023
1089,Northgate Manufacturing,procurement1089@northgatesupply.com,Portland,USA,06-09-2023
1090,Ironclad Manufacturing,procurement1090@ironcladsupply.com,Ahmedabad,India,22-06-2018
1091,Novara Manufacturing,procurement1091@novarasupply.com,Manchester,UK,19-06-2026
1092,Crestview Manufacturing,procurement1092@crestviewsupply.com,Los Angeles,USA,08-11-2015
1093,Kairo Manufacturing,procurement1093@kairosupply.com,Delhi,India,27-07-2015
1094,Brightline Manufacturing,procurement1094@brightlinesupply.com,Los Angeles,USA,17-09-2023
1095,Kairo Manufacturing,procurement1095@kairosupply.com,Austin,USA,17-08-2020
1096,Brightline Manufacturing,procurement1096@brightlinesupply.com,Mumbai,India,04-04-2021
1097,Brightline Manufacturing,procurement1097@brightlinesupply.com,Manchester,UK,29-07-2017
1098,Alderwood Manufacturing,procurement1098@alderwoodsupply.com,Lyon,France,27-03-2023
1099,Alderwood Manufacturing,procurement1099@alderwoodsupply.com,Montreal,Canada,09-01-2017
1100,Statik Manufacturing,procurement1100@statiksupply.com,Columbus,USA,21-03-2025
1101,Trueform Manufacturing,procurement1101@trueformsupply.com,Hyderabad,India,12-06-2015
1102,Alderwood Manufacturing,procurement1102@alderwoodsupply.com,Bangalore,India,14-12-2022
1103,Trueform Manufacturing,procurement1103@trueformsupply.com,Montreal,Canada,03-01-2026
1104,Vivex Manufacturing,procurement1104@vivexsupply.com,Columbus,USA,18-10-2023
1105,Kestrel Manufacturing,procurement1105@kestrelsupply.com,Mumbai,India,20-01-2015
1106,Northgate Manufacturing,procurement1106@northgatesupply.com,Boston,USA,11-05-2014
1107,Nordwell Manufacturing,procurement1107@nordwellsupply.com,Seattle,USA,06-04-2016
1108,Halcyon Manufacturing,procurement1108@halcyonsupply.com,Minneapolis,USA,28-02-2017
1109,Pinehurst Manufacturing,procurement1109@pinehurstsupply.com,Los Angeles,USA,21-10-2020
1110,Cascadia Manufacturing,procurement1110@cascadiasupply.com,Tokyo,Japan,09-06-2024
1111,Novara Manufacturing,procurement1111@novarasupply.com,Leeds,UK,16-04-2018
1112,Lumen Manufacturing,procurement1112@lumensupply.com,Munich,Germany,15-10-2023
1113,Verdant Manufacturing,procurement1113@verdantsupply.com,Singapore,Singapore,17-03-2026
1114,Trueform Manufacturing,procurement1114@trueformsupply.com,Manchester,UK,11-12-2025
1115,Halcyon Manufacturing,procurement1115@halcyonsupply.com,Osaka,Japan,23-06-2025
1116,Alto Manufacturing,procurement1116@altosupply.com,Seattle,USA,16-12-2016
1117,Alderwood Manufacturing,procurement1117@alderwoodsupply.com,Chicago,USA,09-09-2016
1118,Lumen Manufacturing,procurement1118@lumensupply.com,Phoenix,USA,19-01-2019
1119,Trueform Manufacturing,procurement1119@trueformsupply.com,London,UK,27-11-2025
1120,Cascadia Manufacturing,procurement1120@cascadiasupply.com,Sydney,Australia,12-03-2025
1121,Statik Manufacturing,procurement1121@statiksupply.com,Seattle,USA,17-09-2019
1122,Willowmere Manufacturing,procurement1122@willowmeresupply.com,Calgary,Canada,02-05-2019
1123,Willowmere Manufacturing,procurement1123@willowmeresupply.com,Hamburg,Germany,09-11-2017
1124,Lumen Manufacturing,procurement1124@lumensupply.com,Charlotte,USA,26-11-2021
1125,Brightline Manufacturing,procurement1125@brightlinesupply.com,Manchester,UK,13-06-2015
1126,Kairo Manufacturing,procurement1126@kairosupply.com,Columbus,USA,11-09-2025
1127,Crestview Manufacturing,procurement1127@crestviewsupply.com,London,UK,30-07-2024
1128,Zentra Manufacturing,procurement1128@zentrasupply.com,Columbus,USA,13-07-2025
1129,Solace Manufacturing,procurement1129@solacesupply.com,Singapore,Singapore,24-11-2022
1130,Pinehurst Manufacturing,procurement1130@pinehurstsupply.com,Lyon,France,12-09-2015
1131,Pinehurst Manufacturing,procurement1131@pinehurstsupply.com,Boston,USA,16-09-2025
1132,Nordwell Manufacturing,procurement1132@nordwellsupply.com,Columbus,USA,01-04-2016
1133,Alderwood Manufacturing,procurement1133@alderwoodsupply.com,Miami,USA,05-04-2023
1134,Ironclad Manufacturing,procurement1134@ironcladsupply.com,Sydney,Australia,29-11-2018
1135,Marlowe Manufacturing,procurement1135@marlowesupply.com,Phoenix,USA,08-12-2015
1136,Cascadia Manufacturing,procurement1136@cascadiasupply.com,Phoenix,USA,28-11-2025
1137,Vivex Manufacturing,procurement1137@vivexsupply.com,Minneapolis,USA,09-04-2025
1138,Northgate Manufacturing,procurement1138@northgatesupply.com,Austin,USA,25-06-2025
1139,Cascadia Manufacturing,procurement1139@cascadiasupply.com,Phoenix,USA,26-04-2019
1140,Brightline Manufacturing,procurement1140@brightlinesupply.com,Bangalore,India,23-07-2022
1141,Marlowe Manufacturing,procurement1141@marlowesupply.com,Lyon,France,15-01-2025
1142,Ironclad Manufacturing,procurement1142@ironcladsupply.com,Brisbane,Australia,12-12-2016
1143,Verdant Manufacturing,procurement1143@verdantsupply.com,Chicago,USA,06-10-2015
1144,Lumen Manufacturing,procurement1144@lumensupply.com,Paris,France,12-07-2026
1145,Trueform Manufacturing,procurement1145@trueformsupply.com,Munich,Germany,28-11-2021
1146,Kairo Manufacturing,procurement1146@kairosupply.com,Mumbai,India,21-01-2020
1147,Novara Manufacturing,procurement1147@novarasupply.com,Berlin,Germany,09-08-2014
1148,Cascadia Manufacturing,procurement1148@cascadiasupply.com,Boston,USA,24-10-2018
1149,Willowmere Manufacturing,procurement1149@willowmeresupply.com,Seattle,USA,05-11-2015
1150,Alto Manufacturing,procurement1150@altosupply.com,Mumbai,India,11-03-2017
1151,Kairo Manufacturing,procurement1151@kairosupply.com,Vancouver,Canada,03-10-2023
1152,Vivex Manufacturing,procurement1152@vivexsupply.com,Toronto,Canada,05-11-2022
1153,Solace Manufacturing,procurement1153@solacesupply.com,Seattle,USA,25-07-2025
1154,Beacon Manufacturing,procurement1154@beaconsupply.com,Dallas,USA,07-05-2025
1155,Fenwick Manufacturing,procurement1155@fenwicksupply.com,Berlin,Germany,31-08-2022
1156,Alto Manufacturing,procurement1156@altosupply.com,Munich,Germany,26-09-2024
1157,Northgate Manufacturing,procurement1157@northgatesupply.com,Tokyo,Japan,01-10-2024
1158,Ironclad Manufacturing,procurement1158@ironcladsupply.com,Chennai,India,29-03-2026
1159,Zentra Manufacturing,procurement1159@zentrasupply.com,Lyon,France,11-10-2023
1160,Northgate Manufacturing,procurement1160@northgatesupply.com,Minneapolis,USA,01-01-2025
1161,Kestrel Manufacturing,procurement1161@kestrelsupply.com,Melbourne,Australia,13-03-2022
1162,Beacon Manufacturing,procurement1162@beaconsupply.com,Calgary,Canada,25-03-2016
1163,Lumen Manufacturing,procurement1163@lumensupply.com,Manchester,UK,04-02-2026
1164,Willowmere Manufacturing,procurement1164@willowmeresupply.com,Brisbane,Australia,25-11-2015
1165,Willowmere Manufacturing,procurement1165@willowmeresupply.com,Atlanta,USA,14-07-2018
1166,Vivex Manufacturing,procurement1166@vivexsupply.com,Birmingham,UK,08-03-2023
1167,Solace Manufacturing,procurement1167@solacesupply.com,Chicago,USA,02-01-2021
1168,Rosewood Manufacturing,procurement1168@rosewoodsupply.com,San Jose,USA,10-11-2017
1169,Lumen Manufacturing,procurement1169@lumensupply.com,Hyderabad,India,07-02-2021
1170,Kestrel Manufacturing,procurement1170@kestrelsupply.com,Chennai,India,16-08-2018
1171,Trueform Manufacturing,procurement1171@trueformsupply.com,San Jose,USA,25-08-2015
1172,Trueform Manufacturing,procurement1172@trueformsupply.com,Birmingham,UK,24-09-2019
1173,Willowmere Manufacturing,procurement1173@willowmeresupply.com,Boston,USA,06-01-2021
1174,Kestrel Manufacturing,procurement1174@kestrelsupply.com,Leeds,UK,08-02-2021
1175,Beacon Manufacturing,procurement1175@beaconsupply.com,San Antonio,USA,18-04-2018
1176,Verdant Manufacturing,procurement1176@verdantsupply.com,Hamburg,Germany,31-10-2025
1177,Willowmere Manufacturing,procurement1177@willowmeresupply.com,Delhi,India,05-10-2024
1178,Vivex Manufacturing,procurement1178@vivexsupply.com,Chicago,USA,21-10-2022
1179,Willowmere Manufacturing,procurement1179@willowmeresupply.com,Vancouver,Canada,08-08-2018
1180,Statik Manufacturing,procurement1180@statiksupply.com,Mumbai,India,03-06-2026
1181,Beacon Manufacturing,procurement1181@beaconsupply.com,Dallas,USA,18-05-2018
1182,Solace Manufacturing,procurement1182@solacesupply.com,Houston,USA,11-02-2024
1183,Crestview Manufacturing,procurement1183@crestviewsupply.com,Leeds,UK,07-07-2025
1184,Brightline Manufacturing,procurement1184@brightlinesupply.com,Munich,Germany,02-08-2015
1185,Brightline Manufacturing,procurement1185@brightlinesupply.com,Denver,USA,02-11-2025
1186,Northgate Manufacturing,procurement1186@northgatesupply.com,Bangalore,India,28-09-2025
1187,Rosewood Manufacturing,procurement1187@rosewoodsupply.com,Kolkata,India,06-11-2024
1188,Crestview Manufacturing,procurement1188@crestviewsupply.com,Denver,USA,14-04-2018
1189,Lumen Manufacturing,procurement1189@lumensupply.com,Lyon,France,01-03-2024
1190,Statik Manufacturing,procurement1190@statiksupply.com,Vancouver,Canada,04-03-2018
1191,Zentra Manufacturing,procurement1191@zentrasupply.com,Boston,USA,05-06-2018
1192,Northgate Manufacturing,procurement1192@northgatesupply.com,Munich,Germany,27-11-2017
1193,Kestrel Manufacturing,procurement1193@kestrelsupply.com,Sydney,Australia,14-03-2025
1194,Solace Manufacturing,procurement1194@solacesupply.com,Dallas,USA,25-06-2026
1195,Rosewood Manufacturing,procurement1195@rosewoodsupply.com,Birmingham,UK,16-05-2026
1196,Nordwell Manufacturing,procurement1196@nordwellsupply.com,Seattle,USA,25-10-2019
1197,Beacon Manufacturing,procurement1197@beaconsupply.com,Vancouver,Canada,05-09-2016
1198,Brightline Manufacturing,procurement1198@brightlinesupply.com,Munich,Germany,28-05-2015
1199,Verdant Manufacturing,procurement1199@verdantsupply.com,Ahmedabad,India,29-12-2020
1200,Rosewood Manufacturing,procurement1200@rosewoodsupply.com,San Antonio,USA,27-08-2023
1201,Cascadia Manufacturing,procurement1201@cascadiasupply.com,Atlanta,USA,05-11-2014
1202,Cascadia Manufacturing,procurement1202@cascadiasupply.com,San Diego,USA,03-08-2016
1203,Pinehurst Manufacturing,procurement1203@pinehurstsupply.com,Toronto,Canada,25-12-2015
1204,Marlowe Manufacturing,procurement1204@marlowesupply.com,Bangalore,India,11-07-2026
1205,Solace Manufacturing,procurement1205@solacesupply.com,Berlin,Germany,03-11-2021
1206,Willowmere Manufacturing,procurement1206@willowmeresupply.com,Seattle,USA,29-03-2023
1207,Willowmere Manufacturing,procurement1207@willowmeresupply.com,Leeds,UK,26-02-2019
1208,Cascadia Manufacturing,procurement1208@cascadiasupply.com,San Diego,USA,17-08-2018
1209,Statik Manufacturing,procurement1209@statiksupply.com,Pune,India,08-02-2019
1210,Pinehurst Manufacturing,procurement1210@pinehurstsupply.com,Pune,India,12-02-2016
1211,Verdant Manufacturing,procurement1211@verdantsupply.com,Minneapolis,USA,03-07-2018
1212,Zentra Manufacturing,procurement1212@zentrasupply.com,Ahmedabad,India,12-08-2017
1213,Halcyon Manufacturing,procurement1213@halcyonsupply.com,Osaka,Japan,03-10-2017
1214,Kestrel Manufacturing,procurement1214@kestrelsupply.com,Miami,USA,02-08-2022
1215,Solace Manufacturing,procurement1215@solacesupply.com,San Jose,USA,17-06-2025
1216,Alderwood Manufacturing,procurement1216@alderwoodsupply.com,Manchester,UK,30-08-2023
1217,Brightline Manufacturing,procurement1217@brightlinesupply.com,Dallas,USA,03-08-2017
1218,Novara Manufacturing,procurement1218@novarasupply.com,Calgary,Canada,23-10-2021
1219,Verdant Manufacturing,procurement1219@verdantsupply.com,Charlotte,USA,16-02-2024
1220,Fenwick Manufacturing,procurement1220@fenwicksupply.com,Osaka,Japan,02-12-2024
1221,Novara Manufacturing,procurement1221@novarasupply.com,San Jose,USA,02-04-2022
1222,Zentra Manufacturing,procurement1222@zentrasupply.com,Columbus,USA,10-01-2020
1223,Fenwick Manufacturing,procurement1223@fenwicksupply.com,Minneapolis,USA,27-05-2022
1224,Nordwell Manufacturing,procurement1224@nordwellsupply.com,Pune,India,28-12-2017
1225,Solace Manufacturing,procurement1225@solacesupply.com,Ahmedabad,India,20-02-2024
1226,Rosewood Manufacturing,procurement1226@rosewoodsupply.com,Portland,USA,07-08-2020
1227,Ironclad Manufacturing,procurement1227@ironcladsupply.com,Lyon,France,15-11-2017
1228,Nordwell Manufacturing,procurement1228@nordwellsupply.com,Miami,USA,28-01-2016
1229,Ironclad Manufacturing,procurement1229@ironcladsupply.com,Brisbane,Australia,29-08-2018
1230,Alto Manufacturing,procurement1230@altosupply.com,Philadelphia,USA,07-03-2020
1231,Trueform Manufacturing,procurement1231@trueformsupply.com,Hamburg,Germany,16-04-2024
1232,Brightline Manufacturing,procurement1232@brightlinesupply.com,Phoenix,USA,26-04-2026
1233,Marlowe Manufacturing,procurement1233@marlowesupply.com,Leeds,UK,28-07-2026
1234,Novara Manufacturing,procurement1234@novarasupply.com,Hamburg,Germany,11-09-2015
1235,Kestrel Manufacturing,procurement1235@kestrelsupply.com,Miami,USA,03-06-2026
1236,Lumen Manufacturing,procurement1236@lumensupply.com,Atlanta,USA,08-01-2020
1237,Marlowe Manufacturing,procurement1237@marlowesupply.com,Calgary,Canada,24-09-2024
1238,Fenwick Manufacturing,procurement1238@fenwicksupply.com,Austin,USA,28-08-2020
1239,Lumen Manufacturing,procurement1239@lumensupply.com,New York,USA,10-07-2019
1240,Alto Manufacturing,procurement1240@altosupply.com,Dallas,USA,24-12-2024
1241,Zentra Manufacturing,procurement1241@zentrasupply.com,Tokyo,Japan,09-06-2026
1242,Nordwell Manufacturing,procurement1242@nordwellsupply.com,London,UK,03-12-2014
1243,Lumen Manufacturing,procurement1243@lumensupply.com,Berlin,Germany,21-09-2025
1244,Crestview Manufacturing,procurement1244@crestviewsupply.com,Austin,USA,20-08-2017
1245,Marlowe Manufacturing,procurement1245@marlowesupply.com,San Jose,USA,26-01-2015
1246,Nordwell Manufacturing,procurement1246@nordwellsupply.com,New York,USA,23-01-2025
1247,Northgate Manufacturing,procurement1247@northgatesupply.com,Dallas,USA,28-05-2020
1248,Trueform Manufacturing,procurement1248@trueformsupply.com,Lyon,France,07-06-2026
1249,Lumen Manufacturing,procurement1249@lumensupply.com,Munich,Germany,05-03-2014
1250,Verdant Manufacturing,procurement1250@verdantsupply.com,Tokyo,Japan,03-09-2015
1251,Alto Manufacturing,procurement1251@altosupply.com,Delhi,India,29-09-2023
1252,Kestrel Manufacturing,procurement1252@kestrelsupply.com,Portland,USA,20-06-2025
1253,Alto Manufacturing,procurement1253@altosupply.com,Los Angeles,USA,13-08-2016
1254,Crestview Manufacturing,procurement1254@crestviewsupply.com,Delhi,India,23-10-2017
1255,Lumen Manufacturing,procurement1255@lumensupply.com,Minneapolis,USA,17-12-2025
1256,Zentra Manufacturing,procurement1256@zentrasupply.com,Houston,USA,12-03-2022
1257,Cascadia Manufacturing,procurement1257@cascadiasupply.com,Paris,France,06-01-2019
1258,Nordwell Manufacturing,procurement1258@nordwellsupply.com,Manchester,UK,10-10-2017
1259,Halcyon Manufacturing,procurement1259@halcyonsupply.com,Hyderabad,India,04-12-2016
1260,Pinehurst Manufacturing,procurement1260@pinehurstsupply.com,Toronto,Canada,06-12-2018
1261,Zentra Manufacturing,procurement1261@zentrasupply.com,Paris,France,05-07-2022
1262,Cascadia Manufacturing,procurement1262@cascadiasupply.com,Pune,India,09-03-2021
1263,Kestrel Manufacturing,procurement1263@kestrelsupply.com,Munich,Germany,10-10-2015
1264,Statik Manufacturing,procurement1264@statiksupply.com,Paris,France,13-05-2017
1265,Alderwood Manufacturing,procurement1265@alderwoodsupply.com,Phoenix,USA,21-04-2017
1266,Kairo Manufacturing,procurement1266@kairosupply.com,San Diego,USA,01-10-2024
1267,Alto Manufacturing,procurement1267@altosupply.com,Bangalore,India,06-05-2026
1268,Marlowe Manufacturing,procurement1268@marlowesupply.com,Columbus,USA,09-07-2024
1269,Rosewood Manufacturing,procurement1269@rosewoodsupply.com,Lyon,France,13-12-2022
1270,Vivex Manufacturing,procurement1270@vivexsupply.com,Manchester,UK,11-01-2017
1271,Kestrel Manufacturing,procurement1271@kestrelsupply.com,Ahmedabad,India,18-11-2016
1272,Northgate Manufacturing,procurement1272@northgatesupply.com,Lyon,France,04-05-2021
1273,Nordwell Manufacturing,procurement1273@nordwellsupply.com,San Jose,USA,25-04-2016
1274,Solace Manufacturing,procurement1274@solacesupply.com,Bangalore,India,12-03-2019
1275,Pinehurst Manufacturing,procurement1275@pinehurstsupply.com,Sydney,Australia,02-11-2018
1276,Solace Manufacturing,procurement1276@solacesupply.com,Seattle,USA,16-03-2025
1277,Northgate Manufacturing,procurement1277@northgatesupply.com,Dallas,USA,08-04-2018
1278,Vivex Manufacturing,procurement1278@vivexsupply.com,Chicago,USA,31-03-2020
1279,Novara Manufacturing,procurement1279@novarasupply.com,Mumbai,India,10-01-2015
1280,Ironclad Manufacturing,procurement1280@ironcladsupply.com,Phoenix,USA,08-03-2024
1281,Willowmere Manufacturing,procurement1281@willowmeresupply.com,Ahmedabad,India,21-11-2025
1282,Lumen Manufacturing,procurement1282@lumensupply.com,Philadelphia,USA,17-06-2016
1283,Halcyon Manufacturing,procurement1283@halcyonsupply.com,Dallas,USA,21-04-2021
1284,Ironclad Manufacturing,procurement1284@ironcladsupply.com,Manchester,UK,05-06-2017
1285,Nordwell Manufacturing,procurement1285@nordwellsupply.com,Houston,USA,21-03-2024
1286,Rosewood Manufacturing,procurement1286@rosewoodsupply.com,Hamburg,Germany,03-02-2023
1287,Trueform Manufacturing,procurement1287@trueformsupply.com,Tokyo,Japan,31-01-2015
1288,Fenwick Manufacturing,procurement1288@fenwicksupply.com,Brisbane,Australia,22-06-2026
1289,Rosewood Manufacturing,procurement1289@rosewoodsupply.com,Dallas,USA,02-01-2020
1290,Halcyon Manufacturing,procurement1290@halcyonsupply.com,Dallas,USA,17-08-2015
1291,Lumen Manufacturing,procurement1291@lumensupply.com,Munich,Germany,07-05-2021
1292,Cascadia Manufacturing,procurement1292@cascadiasupply.com,Houston,USA,29-03-2020
1293,Northgate Manufacturing,procurement1293@northgatesupply.com,Mumbai,India,22-11-2017
1294,Rosewood Manufacturing,procurement1294@rosewoodsupply.com,Chennai,India,20-05-2017
1295,Ironclad Manufacturing,procurement1295@ironcladsupply.com,Leeds,UK,13-05-2016
1296,Kestrel Manufacturing,procurement1296@kestrelsupply.com,Osaka,Japan,21-02-2024
1297,Rosewood Manufacturing,procurement1297@rosewoodsupply.com,Sydney,Australia,31-05-2024
1298,Novara Manufacturing,procurement1298@novarasupply.com,Hyderabad,India,23-05-2024
1299,Willowmere Manufacturing,procurement1299@willowmeresupply.com,Austin,USA,24-10-2022
1300,Alderwood Manufacturing,procurement1300@alderwoodsupply.com,Philadelphia,USA,06-03-2016
1301,Crestview Manufacturing,procurement1301@crestviewsupply.com,Leeds,UK,06-02-2018
1302,Alto Manufacturing,procurement1302@altosupply.com,Hyderabad,India,05-02-2014
1303,Marlowe Manufacturing,procurement1303@marlowesupply.com,San Antonio,USA,28-09-2018
1304,Fenwick Manufacturing,procurement1304@fenwicksupply.com,Hamburg,Germany,13-01-2025
1305,Fenwick Manufacturing,procurement1305@fenwicksupply.com,Berlin,Germany,19-05-2016
1306,Cascadia Manufacturing,procurement1306@cascadiasupply.com,Pune,India,10-11-2018
1307,Statik Manufacturing,procurement1307@statiksupply.com,Atlanta,USA,18-05-2018
1308,Cascadia Manufacturing,procurement1308@cascadiasupply.com,Munich,Germany,12-04-2017
1309,Novara Manufacturing,procurement1309@novarasupply.com,Manchester,UK,14-08-2016
1310,Trueform Manufacturing,procurement1310@trueformsupply.com,Delhi,India,03-05-2025
1311,Brightline Manufacturing,procurement1311@brightlinesupply.com,Bangalore,India,16-01-2026
1312,Willowmere Manufacturing,procurement1312@willowmeresupply.com,Sydney,Australia,24-10-2022
1313,Beacon Manufacturing,procurement1313@beaconsupply.com,Portland,USA,17-11-2016
1314,Novara Manufacturing,procurement1314@novarasupply.com,Paris,France,10-05-2017
1315,Northgate Manufacturing,procurement1315@northgatesupply.com,Phoenix,USA,14-03-2021
1316,Lumen Manufacturing,procurement1316@lumensupply.com,Columbus,USA,23-03-2020
1317,Vivex Manufacturing,procurement1317@vivexsupply.com,London,UK,19-08-2022
1318,Solace Manufacturing,procurement1318@solacesupply.com,Munich,Germany,11-04-2020
1319,Northgate Manufacturing,procurement1319@northgatesupply.com,Kolkata,India,10-09-2021
1320,Trueform Manufacturing,procurement1320@trueformsupply.com,Lyon,France,10-05-2025
1321,Beacon Manufacturing,procurement1321@beaconsupply.com,Houston,USA,29-06-2019
1322,Rosewood Manufacturing,procurement1322@rosewoodsupply.com,Kolkata,India,05-04-2021
1323,Fenwick Manufacturing,procurement1323@fenwicksupply.com,San Diego,USA,05-05-2021
1324,Nordwell Manufacturing,procurement1324@nordwellsupply.com,Houston,USA,05-04-2017
1325,Kairo Manufacturing,procurement1325@kairosupply.com,Munich,Germany,22-02-2024
1326,Marlowe Manufacturing,procurement1326@marlowesupply.com,Philadelphia,USA,11-03-2021
1327,Solace Manufacturing,procurement1327@solacesupply.com,Chicago,USA,27-03-2019
1328,Pinehurst Manufacturing,procurement1328@pinehurstsupply.com,Seattle,USA,10-03-2023
1329,Solace Manufacturing,procurement1329@solacesupply.com,Houston,USA,25-10-2014
1330,Novara Manufacturing,procurement1330@novarasupply.com,Berlin,Germany,24-03-2018
1331,Kestrel Manufacturing,procurement1331@kestrelsupply.com,San Diego,USA,06-06-2014
1332,Kairo Manufacturing,procurement1332@kairosupply.com,Dallas,USA,18-01-2016
1333,Halcyon Manufacturing,procurement1333@halcyonsupply.com,Osaka,Japan,13-06-2023
1334,Statik Manufacturing,procurement1334@statiksupply.com,Hamburg,Germany,30-09-2014
1335,Lumen Manufacturing,procurement1335@lumensupply.com,Atlanta,USA,15-05-2015
1336,Cascadia Manufacturing,procurement1336@cascadiasupply.com,Atlanta,USA,01-02-2015
1337,Trueform Manufacturing,procurement1337@trueformsupply.com,San Diego,USA,03-07-2024
1338,Cascadia Manufacturing,procurement1338@cascadiasupply.com,Birmingham,UK,16-01-2014
1339,Rosewood Manufacturing,procurement1339@rosewoodsupply.com,Berlin,Germany,06-02-2018
1340,Northgate Manufacturing,procurement1340@northgatesupply.com,Seattle,USA,13-10-2015
1341,Brightline Manufacturing,procurement1341@brightlinesupply.com,Chicago,USA,29-06-2024
1342,Alto Manufacturing,procurement1342@altosupply.com,New York,USA,27-08-2023
1343,Kairo Manufacturing,procurement1343@kairosupply.com,Vancouver,Canada,14-07-2017
1344,Beacon Manufacturing,procurement1344@beaconsupply.com,Kolkata,India,27-05-2018
1345,Solace Manufacturing,procurement1345@solacesupply.com,Phoenix,USA,23-03-2018
1346,Lumen Manufacturing,procurement1346@lumensupply.com,Kolkata,India,29-03-2026
1347,Willowmere Manufacturing,procurement1347@willowmeresupply.com,Mumbai,India,11-11-2024
1348,Northgate Manufacturing,procurement1348@northgatesupply.com,New York,USA,08-10-2017
1349,Vivex Manufacturing,procurement1349@vivexsupply.com,Melbourne,Australia,30-06-2020
1350,Cascadia Manufacturing,procurement1350@cascadiasupply.com,Boston,USA,27-11-2017
1351,Zentra Manufacturing,procurement1351@zentrasupply.com,San Diego,USA,26-12-2016
1352,Marlowe Manufacturing,procurement1352@marlowesupply.com,Calgary,Canada,02-11-2016
1353,Vivex Manufacturing,procurement1353@vivexsupply.com,San Diego,USA,14-07-2024
1354,Trueform Manufacturing,procurement1354@trueformsupply.com,Brisbane,Australia,07-08-2019
1355,Kestrel Manufacturing,procurement1355@kestrelsupply.com,Philadelphia,USA,09-09-2018
1356,Crestview Manufacturing,procurement1356@crestviewsupply.com,Vancouver,Canada,28-10-2017
1357,Novara Manufacturing,procurement1357@novarasupply.com,Pune,India,08-06-2026
1358,Pinehurst Manufacturing,procurement1358@pinehurstsupply.com,London,UK,19-09-2024
1359,Fenwick Manufacturing,procurement1359@fenwicksupply.com,Toronto,Canada,18-12-2017
1360,Zentra Manufacturing,procurement1360@zentrasupply.com,Paris,France,25-11-2014
1361,Alderwood Manufacturing,procurement1361@alderwoodsupply.com,Portland,USA,27-05-2020
1362,Beacon Manufacturing,procurement1362@beaconsupply.com,San Diego,USA,19-10-2016
1363,Trueform Manufacturing,procurement1363@trueformsupply.com,Sydney,Australia,01-04-2015
1364,Fenwick Manufacturing,procurement1364@fenwicksupply.com,Hyderabad,India,30-05-2025
1365,Kairo Manufacturing,procurement1365@kairosupply.com,Chicago,USA,23-04-2017
1366,Novara Manufacturing,procurement1366@novarasupply.com,Pune,India,28-11-2017
1367,Lumen Manufacturing,procurement1367@lumensupply.com,Seattle,USA,11-07-2019
1368,Brightline Manufacturing,procurement1368@brightlinesupply.com,San Antonio,USA,13-04-2016
1369,Zentra Manufacturing,procurement1369@zentrasupply.com,London,UK,17-10-2016
1370,Crestview Manufacturing,procurement1370@crestviewsupply.com,Leeds,UK,26-11-2022
1371,Pinehurst Manufacturing,procurement1371@pinehurstsupply.com,Minneapolis,USA,09-01-2023
1372,Fenwick Manufacturing,procurement1372@fenwicksupply.com,Philadelphia,USA,14-04-2019
1373,Fenwick Manufacturing,procurement1373@fenwicksupply.com,Calgary,Canada,17-06-2025
1374,Fenwick Manufacturing,procurement1374@fenwicksupply.com,Toronto,Canada,29-07-2019
1375,Solace Manufacturing,procurement1375@solacesupply.com,Calgary,Canada,03-03-2021
1376,Brightline Manufacturing,procurement1376@brightlinesupply.com,Brisbane,Australia,02-02-2025
1377,Alderwood Manufacturing,procurement1377@alderwoodsupply.com,Toronto,Canada,15-09-2020
1378,Statik Manufacturing,procurement1378@statiksupply.com,Ahmedabad,India,20-06-2015
1379,Ironclad Manufacturing,procurement1379@ironcladsupply.com,New York,USA,29-07-2024
1380,Ironclad Manufacturing,procurement1380@ironcladsupply.com,Leeds,UK,23-11-2024
1381,Vivex Manufacturing,procurement1381@vivexsupply.com,Charlotte,USA,06-02-2020
1382,Kestrel Manufacturing,procurement1382@kestrelsupply.com,Atlanta,USA,29-10-2024
1383,Northgate Manufacturing,procurement1383@northgatesupply.com,Melbourne,Australia,09-05-2024
1384,Cascadia Manufacturing,procurement1384@cascadiasupply.com,Manchester,UK,15-10-2016
1385,Statik Manufacturing,procurement1385@statiksupply.com,Los Angeles,USA,21-05-2019
1386,Kestrel Manufacturing,procurement1386@kestrelsupply.com,New York,USA,11-03-2020
1387,Halcyon Manufacturing,procurement1387@halcyonsupply.com,Brisbane,Australia,16-10-2021
1388,Alto Manufacturing,procurement1388@altosupply.com,Calgary,Canada,21-05-2016
1389,Novara Manufacturing,procurement1389@novarasupply.com,Pune,India,20-12-2022
1390,Trueform Manufacturing,procurement1390@trueformsupply.com,Berlin,Germany,15-10-2014
1391,Statik Manufacturing,procurement1391@statiksupply.com,Minneapolis,USA,02-01-2015
1392,Zentra Manufacturing,procurement1392@zentrasupply.com,Minneapolis,USA,22-02-2016
1393,Pinehurst Manufacturing,procurement1393@pinehurstsupply.com,San Diego,USA,12-06-2022
1394,Kestrel Manufacturing,procurement1394@kestrelsupply.com,Seattle,USA,06-04-2023
1395,Trueform Manufacturing,procurement1395@trueformsupply.com,Tokyo,Japan,12-06-2025
1396,Willowmere Manufacturing,procurement1396@willowmeresupply.com,Munich,Germany,20-02-2015
1397,Brightline Manufacturing,procurement1397@brightlinesupply.com,Ahmedabad,India,03-11-2025
1398,Northgate Manufacturing,procurement1398@northgatesupply.com,Montreal,Canada,03-02-2017
1399,Nordwell Manufacturing,procurement1399@nordwellsupply.com,Berlin,Germany,13-06-2014
1400,Rosewood Manufacturing,procurement1400@rosewoodsupply.com,Sydney,Australia,18-01-2022
1401,Trueform Manufacturing,procurement1401@trueformsupply.com,Chicago,USA,07-02-2020
1402,Kestrel Manufacturing,procurement1402@kestrelsupply.com,Denver,USA,01-11-2017
1403,Novara Manufacturing,procurement1403@novarasupply.com,Lyon,France,16-05-2026
1404,Ironclad Manufacturing,procurement1404@ironcladsupply.com,Minneapolis,USA,19-05-2016
1405,Marlowe Manufacturing,procurement1405@marlowesupply.com,San Antonio,USA,20-08-2022
1406,Cascadia Manufacturing,procurement1406@cascadiasupply.com,Portland,USA,05-07-2022
1407,Beacon Manufacturing,procurement1407@beaconsupply.com,New York,USA,25-04-2024
1408,Solace Manufacturing,procurement1408@solacesupply.com,Berlin,Germany,16-07-2022
1409,Crestview Manufacturing,procurement1409@crestviewsupply.com,Hyderabad,India,02-07-2017
1410,Nordwell Manufacturing,procurement1410@nordwellsupply.com,Houston,USA,24-12-2018
1411,Willowmere Manufacturing,procurement1411@willowmeresupply.com,Austin,USA,01-11-2024
1412,Fenwick Manufacturing,procurement1412@fenwicksupply.com,Delhi,India,19-01-2025
1413,Crestview Manufacturing,procurement1413@crestviewsupply.com,Los Angeles,USA,05-01-2014
1414,Statik Manufacturing,procurement1414@statiksupply.com,Boston,USA,06-12-2025
1415,Kestrel Manufacturing,procurement1415@kestrelsupply.com,Manchester,UK,26-01-2014
1416,Crestview Manufacturing,procurement1416@crestviewsupply.com,Leeds,UK,10-10-2017
1417,Crestview Manufacturing,procurement1417@crestviewsupply.com,Dallas,USA,02-09-2017
1418,Pinehurst Manufacturing,procurement1418@pinehurstsupply.com,Phoenix,USA,19-08-2024
1419,Fenwick Manufacturing,procurement1419@fenwicksupply.com,Portland,USA,26-06-2024
1420,Zentra Manufacturing,procurement1420@zentrasupply.com,Delhi,India,19-02-2025
1421,Novara Manufacturing,procurement1421@novarasupply.com,Chicago,USA,16-09-2025
1422,Brightline Manufacturing,procurement1422@brightlinesupply.com,Paris,France,11-11-2018
1423,Verdant Manufacturing,procurement1423@verdantsupply.com,Dallas,USA,25-08-2014
1424,Crestview Manufacturing,procurement1424@crestviewsupply.com,London,UK,27-08-2015
1425,Northgate Manufacturing,procurement1425@northgatesupply.com,Kolkata,India,12-12-2017
1426,Fenwick Manufacturing,procurement1426@fenwicksupply.com,London,UK,12-07-2023
1427,Rosewood Manufacturing,procurement1427@rosewoodsupply.com,Melbourne,Australia,29-11-2025
1428,Lumen Manufacturing,procurement1428@lumensupply.com,Philadelphia,USA,06-06-2020
1429,Solace Manufacturing,procurement1429@solacesupply.com,London,UK,01-05-2015
1430,Pinehurst Manufacturing,procurement1430@pinehurstsupply.com,Hamburg,Germany,24-12-2018
1431,Pinehurst Manufacturing,procurement1431@pinehurstsupply.com,Osaka,Japan,27-11-2025
1432,Trueform Manufacturing,procurement1432@trueformsupply.com,Hamburg,Germany,26-02-2024
1433,Solace Manufacturing,procurement1433@solacesupply.com,Montreal,Canada,02-10-2020
1434,Kestrel Manufacturing,procurement1434@kestrelsupply.com,Leeds,UK,25-03-2024
1435,Zentra Manufacturing,procurement1435@zentrasupply.com,Melbourne,Australia,17-06-2020
1436,Statik Manufacturing,procurement1436@statiksupply.com,New York,USA,09-09-2019
1437,Ironclad Manufacturing,procurement1437@ironcladsupply.com,London,UK,03-11-2023
1438,Halcyon Manufacturing,procurement1438@halcyonsupply.com,Tokyo,Japan,31-07-2020
1439,Alto Manufacturing,procurement1439@altosupply.com,Chennai,India,25-12-2015
1440,Zentra Manufacturing,procurement1440@zentrasupply.com,San Diego,USA,15-08-2024
1441,Willowmere Manufacturing,procurement1441@willowmeresupply.com,Ahmedabad,India,05-10-2014
1442,Beacon Manufacturing,procurement1442@beaconsupply.com,Delhi,India,20-05-2019
1443,Halcyon Manufacturing,procurement1443@halcyonsupply.com,Vancouver,Canada,13-01-2016
1444,Ironclad Manufacturing,procurement1444@ironcladsupply.com,Houston,USA,05-08-2019
1445,Beacon Manufacturing,procurement1445@beaconsupply.com,Minneapolis,USA,19-04-2024
1446,Zentra Manufacturing,procurement1446@zentrasupply.com,Birmingham,UK,16-01-2021
1447,Kestrel Manufacturing,procurement1447@kestrelsupply.com,Lyon,France,13-09-2017
1448,Ironclad Manufacturing,procurement1448@ironcladsupply.com,Osaka,Japan,27-10-2022
1449,Kairo Manufacturing,procurement1449@kairosupply.com,Delhi,India,24-05-2022
1450,Marlowe Manufacturing,procurement1450@marlowesupply.com,Paris,France,18-08-2024
1451,Novara Manufacturing,procurement1451@novarasupply.com,Calgary,Canada,26-08-2021
1452,Kestrel Manufacturing,procurement1452@kestrelsupply.com,Montreal,Canada,19-11-2016
1453,Rosewood Manufacturing,procurement1453@rosewoodsupply.com,Delhi,India,04-12-2015
1454,Pinehurst Manufacturing,procurement1454@pinehurstsupply.com,Charlotte,USA,20-07-2017
1455,Statik Manufacturing,procurement1455@statiksupply.com,Osaka,Japan,05-09-2024
1456,Marlowe Manufacturing,procurement1456@marlowesupply.com,Kolkata,India,14-01-2022
1457,Marlowe Manufacturing,procurement1457@marlowesupply.com,New York,USA,05-08-2021
1458,Crestview Manufacturing,procurement1458@crestviewsupply.com,Brisbane,Australia,15-01-2018
1459,Crestview Manufacturing,procurement1459@crestviewsupply.com,Calgary,Canada,21-12-2015
1460,Marlowe Manufacturing,procurement1460@marlowesupply.com,Chicago,USA,30-06-2022
1461,Willowmere Manufacturing,procurement1461@willowmeresupply.com,Phoenix,USA,18-02-2024
1462,Northgate Manufacturing,procurement1462@northgatesupply.com,Melbourne,Australia,16-03-2015
1463,Zentra Manufacturing,procurement1463@zentrasupply.com,Singapore,Singapore,31-12-2023
1464,Novara Manufacturing,procurement1464@novarasupply.com,Brisbane,Australia,27-05-2025
1465,Crestview Manufacturing,procurement1465@crestviewsupply.com,Brisbane,Australia,13-03-2021
1466,Pinehurst Manufacturing,procurement1466@pinehurstsupply.com,Seattle,USA,10-11-2021
1467,Pinehurst Manufacturing,procurement1467@pinehurstsupply.com,San Jose,USA,19-01-2026
1468,Solace Manufacturing,procurement1468@solacesupply.com,Denver,USA,10-02-2018
1469,Solace Manufacturing,procurement1469@solacesupply.com,Toronto,Canada,06-04-2026
1470,Ironclad Manufacturing,procurement1470@ironcladsupply.com,Minneapolis,USA,25-12-2022
1471,Trueform Manufacturing,procurement1471@trueformsupply.com,Birmingham,UK,03-04-2025
1472,Willowmere Manufacturing,procurement1472@willowmeresupply.com,Calgary,Canada,10-10-2016
1473,Lumen Manufacturing,procurement1473@lumensupply.com,Brisbane,Australia,16-09-2019
1474,Fenwick Manufacturing,procurement1474@fenwicksupply.com,Columbus,USA,19-01-2023
1475,Solace Manufacturing,procurement1475@solacesupply.com,San Diego,USA,21-03-2017
1476,Alderwood Manufacturing,procurement1476@alderwoodsupply.com,Chicago,USA,21-05-2018
1477,Alderwood Manufacturing,procurement1477@alderwoodsupply.com,Miami,USA,04-04-2021
1478,Pinehurst Manufacturing,procurement1478@pinehurstsupply.com,Toronto,Canada,04-04-2026
1479,Rosewood Manufacturing,procurement1479@rosewoodsupply.com,Chicago,USA,26-05-2015
1480,Cascadia Manufacturing,procurement1480@cascadiasupply.com,Delhi,India,18-07-2019
1481,Statik Manufacturing,procurement1481@statiksupply.com,London,UK,02-10-2024
1482,Halcyon Manufacturing,procurement1482@halcyonsupply.com,Charlotte,USA,21-08-2019
1483,Willowmere Manufacturing,procurement1483@willowmeresupply.com,Atlanta,USA,30-04-2021
1484,Fenwick Manufacturing,procurement1484@fenwicksupply.com,Bangalore,India,24-10-2016
1485,Lumen Manufacturing,procurement1485@lumensupply.com,Austin,USA,02-08-2018
1486,Zentra Manufacturing,procurement1486@zentrasupply.com,Dallas,USA,22-02-2024
1487,Statik Manufacturing,procurement1487@statiksupply.com,Chicago,USA,06-05-2026
1488,Solace Manufacturing,procurement1488@solacesupply.com,Paris,France,23-04-2025
1489,Crestview Manufacturing,procurement1489@crestviewsupply.com,Seattle,USA,25-03-2025
1490,Crestview Manufacturing,procurement1490@crestviewsupply.com,Houston,USA,23-07-2024
1491,Zentra Manufacturing,procurement1491@zentrasupply.com,San Antonio,USA,31-08-2018
1492,Fenwick Manufacturing,procurement1492@fenwicksupply.com,New York,USA,11-12-2023
1493,Brightline Manufacturing,procurement1493@brightlinesupply.com,San Jose,USA,06-07-2016
1494,Verdant Manufacturing,procurement1494@verdantsupply.com,Munich,Germany,19-09-2025
1495,Marlowe Manufacturing,procurement1495@marlowesupply.com,Houston,USA,24-07-2016
1496,Verdant Manufacturing,procurement1496@verdantsupply.com,Melbourne,Australia,18-04-2019
1497,Alto Manufacturing,procurement1497@altosupply.com,San Jose,USA,03-06-2024
1498,Beacon Manufacturing,procurement1498@beaconsupply.com,San Diego,USA,11-12-2016
1499,Trueform Manufacturing,procurement1499@trueformsupply.com,Miami,USA,22-01-2022
1500,Kestrel Manufacturing,procurement1500@kestrelsupply.com,Singapore,Singapore,20-08-2019
